Bib,Name,Country,Gender,Division,Overall Time,Overall Rank,Gender Rank,Age Group Rank,Swim Time,Swim Rank,Gender Swim Rank,Age Group Swim Rank,Bike Time,Bike Rank,Gender Bike Rank,Age Group Bike Rank,Run Time,Run Rank,Gender Run Rank,Age Group Run Rank,Transition 1 Time,Transition 1 Rank,Gender Transition 1 Rank,Age Group Transition 1 Rank,Transition 2 Time,Transition 2 Rank,Gender Transition 2 Rank,Age Group Transition 2 Rank,Finish,Qualifier Time,Qualifier Rank,Gender Qualifier Rank,Qualified,Swim Time (s),Bike Time (s),Run Time (s),Transition 1 Time (s),Transition 2 Time (s),Overall Time (s),Run Time (s) corrected,Overall Time (s) corrected
31,Christophe Halleumieux,France,Male,M50-54,04:18:51,11.0,11.0,1.0,00:29:24,48.0,47.0,5.0,02:16:54,13.0,13.0,1.0,01:28:16,24.0,24.0,1.0,00:2:33,6.0,6.0,1.0,00:1:44,60.0,53.0,4.0,FIN,03:48:38,1.0,1.0,1.0,1764,8214,5296,153,104,15531,5296,15531
251,Korbinian Rudzki,Germany,Male,M30-34,04:02:54,3.0,3.0,1.0,00:27:32,17.0,17.0,5.0,02:12:53,4.0,4.0,1.0,01:18:08,1.0,1.0,1.0,00:2:37,11.0,11.0,2.0,00:1:43,56.0,50.0,6.0,FIN,03:54:31,2.0,2.0,1.0,1652,7973,4688,157,103,14574,4688,14574
501,Burkhard Schmidt,Germany,Male,M65-69,05:09:43,151.0,143.0,1.0,00:31:33,94.0,89.0,1.0,02:39:34,153.0,146.0,1.0,01:51:11,190.0,178.0,1.0,00:3:13,53.0,46.0,1.0,00:4:13,381.0,335.0,5.0,FIN,03:56:37,3.0,3.0,1.0,1893,9574,6671,193,253,18583,6671,18583
5,Andreas Bund,Germany,Male,M55-59,04:38:13,49.0,49.0,1.0,00:33:13,132.0,123.0,7.0,02:27:20,59.0,59.0,3.0,01:31:37,44.0,44.0,1.0,00:4:23,146.0,128.0,10.0,00:1:40,52.0,47.0,3.0,FIN,03:58:17,4.0,4.0,1.0,1993,8840,5497,263,100,16693,5497,16693
529,Alejandro Lopez Valenciano,Spain,Male,M35-39,04:11:09,6.0,6.0,1.0,00:28:26,28.0,28.0,4.0,02:15:09,7.0,7.0,1.0,01:22:30,5.0,5.0,2.0,00:3:37,82.0,72.0,10.0,00:1:28,24.0,23.0,4.0,FIN,03:58:35,5.0,5.0,1.0,1706,8109,4950,217,88,15069,4950,15069
307,Sandro Silva,Portugal,Male,M35-39,04:11:20,7.0,7.0,2.0,00:27:26,16.0,16.0,2.0,02:16:47,12.0,12.0,2.0,01:22:14,4.0,4.0,1.0,00:3:12,47.0,41.0,7.0,00:1:40,51.0,46.0,8.0,FIN,03:58:46,6.0,6.0,1.0,1646,8207,4934,192,100,15080,4934,15080
563,Ronan Leboulch,France,Male,M60-64,04:52:07,95.0,90.0,1.0,00:27:38,18.0,18.0,1.0,02:27:59,61.0,61.0,1.0,01:51:54,197.0,185.0,5.0,00:2:50,23.0,20.0,1.0,00:1:46,65.0,58.0,3.0,FIN,03:59:18,7.0,7.0,1.0,1658,8879,6714,170,106,17527,6714,17527
466,Fernando Carmo,Portugal,Male,M55-59,04:39:36,55.0,55.0,2.0,00:33:31,142.0,132.0,8.0,02:21:02,26.0,26.0,1.0,01:38:35,90.0,87.0,4.0,00:3:53,98.0,86.0,4.0,00:2:35,200.0,177.0,10.0,FIN,03:59:28,8.0,8.0,1.0,2011,8462,5915,233,155,16776,5915,16776
172,Diogo Allen Coelho,Portugal,Male,M25-29,04:01:56,1.0,1.0,1.0,00:27:46,19.0,19.0,3.0,02:06:35,1.0,1.0,1.0,01:23:54,9.0,9.0,2.0,00:2:34,7.0,7.0,1.0,00:1:06,5.0,5.0,2.0,FIN,04:00:12,9.0,9.0,1.0,1666,7595,5034,154,66,14516,5034,14516
326,Renaud Brunet,France,Male,M40-44,04:19:52,12.0,12.0,1.0,00:28:44,34.0,34.0,6.0,02:21:09,29.0,29.0,5.0,01:24:43,10.0,10.0,1.0,00:3:26,65.0,57.0,13.0,00:1:49,68.0,61.0,12.0,FIN,04:00:41,10.0,10.0,1.0,1724,8469,5083,206,109,15592,5083,15592
370,Tom Vangeneugden,Belgium,Male,M40-44,04:20:23,15.0,15.0,2.0,00:22:27,1.0,1.0,1.0,02:24:13,42.0,42.0,10.0,01:29:03,27.0,27.0,3.0,00:2:52,25.0,22.0,4.0,00:1:47,67.0,60.0,11.0,FIN,04:01:10,11.0,11.0,1.0,1347,8653,5343,172,107,15623,5343,15623
460,Gilles Salle,France,Male,M50-54,04:33:10,37.0,37.0,2.0,00:31:17,88.0,83.0,9.0,02:20:25,24.0,24.0,2.0,01:36:21,73.0,72.0,4.0,00:3:30,71.0,62.0,6.0,00:1:37,42.0,38.0,2.0,FIN,04:01:17,12.0,12.0,1.0,1877,8425,5781,210,97,16390,5781,16390
371,Erik Vanhove,Belgium,Male,M40-44,04:21:06,18.0,18.0,3.0,00:29:05,40.0,39.0,8.0,02:21:45,30.0,30.0,6.0,01:25:34,14.0,14.0,2.0,00:3:05,35.0,32.0,9.0,00:1:36,40.0,37.0,8.0,FIN,04:01:49,13.0,13.0,1.0,1745,8505,5134,185,96,15666,5134,15666
160,Charly Ramel,France,Male,M18-24,04:02:40,2.0,2.0,1.0,00:24:38,4.0,4.0,2.0,02:11:56,3.0,3.0,2.0,01:21:56,3.0,3.0,1.0,00:2:28,4.0,4.0,4.0,00:1:42,54.0,49.0,6.0,FIN,04:02:40,14.0,14.0,1.0,1478,7916,4916,148,102,14560,4916,14560
486,Massimo Argiolas,Italy,Male,M60-64,04:56:48,106.0,101.0,2.0,00:31:14,85.0,80.0,2.0,02:31:20,83.0,82.0,2.0,01:47:22,173.0,163.0,4.0,00:3:47,92.0,82.0,3.0,00:3:04,260.0,235.0,8.0,FIN,04:03:08,15.0,15.0,1.0,1874,9080,6442,227,184,17808,6442,17808
415,Redouane Aissa,Morocco,Male,M45-49,04:30:53,36.0,36.0,1.0,00:31:03,81.0,76.0,11.0,02:25:39,52.0,52.0,4.0,01:29:15,29.0,29.0,1.0,00:3:12,48.0,42.0,3.0,00:1:43,57.0,51.0,6.0,FIN,04:03:11,16.0,16.0,1.0,1863,8739,5355,192,103,16253,5355,16253
196,Michele Ghidini,Italy,Male,M25-29,04:05:14,5.0,5.0,2.0,00:26:46,11.0,11.0,2.0,02:16:15,10.0,10.0,3.0,01:18:14,2.0,2.0,1.0,00:2:37,12.0,12.0,2.0,00:1:24,18.0,17.0,5.0,FIN,04:03:29,17.0,17.0,1.0,1606,8175,4694,157,84,14714,4694,14714
23,Luca Liuzzi,Italy,Male,M40-44,04:23:28,22.0,22.0,4.0,00:30:11,72.0,69.0,14.0,02:15:59,9.0,9.0,1.0,01:33:10,56.0,56.0,12.0,00:2:29,5.0,5.0,1.0,00:1:39,49.0,44.0,9.0,FIN,04:04:01,18.0,18.0,1.0,1811,8159,5590,149,99,15808,5590,15808
467,Steven Chaid,United States,Male,M55-59,04:45:03,64.0,64.0,3.0,00:29:35,53.0,52.0,2.0,02:30:10,73.0,73.0,5.0,01:39:36,104.0,98.0,5.0,00:3:36,79.0,70.0,2.0,00:2:05,107.0,92.0,6.0,FIN,04:04:08,19.0,19.0,1.0,1775,9010,5976,216,125,17103,5976,17103
146,Gaël Bosc,France,Male,M18-24,04:04:11,4.0,4.0,2.0,00:23:13,2.0,2.0,1.0,02:10:56,2.0,2.0,1.0,01:26:41,22.0,22.0,6.0,00:2:13,1.0,1.0,1.0,00:1:08,8.0,8.0,3.0,FIN,04:04:11,20.0,20.0,1.0,1393,7856,5201,133,68,14651,5201,14651
6,Aziz Mimouni,France,Male,M55-59,04:46:10,71.0,70.0,4.0,00:31:26,91.0,86.0,4.0,02:31:27,85.0,84.0,6.0,01:37:43,87.0,84.0,3.0,00:3:40,83.0,73.0,3.0,00:1:54,83.0,74.0,5.0,FIN,04:05:06,21.0,21.0,1.0,1886,9087,5863,220,114,17170,5863,17170
40,Dominic Wimmer,Germany,Male,M40-44,04:25:09,25.0,25.0,5.0,00:27:23,15.0,15.0,4.0,02:21:46,31.0,31.0,7.0,01:30:30,38.0,38.0,6.0,00:3:30,70.0,61.0,15.0,00:2:00,96.0,83.0,17.0,FIN,04:05:34,22.0,22.0,1.0,1643,8506,5430,210,120,15909,5430,15909
537,Nicholas Francuz,Australia,Male,M40-44,04:25:26,27.0,27.0,6.0,00:30:09,70.0,68.0,13.0,02:20:22,23.0,23.0,4.0,01:30:26,37.0,37.0,5.0,00:2:58,29.0,26.0,5.0,00:1:31,29.0,27.0,4.0,FIN,04:05:50,23.0,23.0,1.0,1809,8422,5426,178,91,15926,5426,15926
4,Carlos Mora,Andorra,Male,M50-54,04:38:40,51.0,51.0,3.0,00:31:40,95.0,90.0,11.0,02:24:57,48.0,48.0,5.0,01:36:57,76.0,74.0,5.0,00:2:47,18.0,17.0,2.0,00:2:19,154.0,137.0,11.0,FIN,04:06:08,24.0,24.0,1.0,1900,8697,5817,167,139,16720,5817,16720
36,Jose Valls Santos,Spain,Male,M60-64,05:01:03,120.0,114.0,3.0,00:31:15,87.0,82.0,3.0,02:43:24,190.0,180.0,9.0,01:41:20,116.0,109.0,2.0,00:3:28,67.0,59.0,2.0,00:1:37,45.0,41.0,2.0,FIN,04:06:37,25.0,25.0,1.0,1875,9804,6080,208,97,18063,6080,18063
303,Vincent Pennec,France,Male,M35-39,04:20:39,17.0,17.0,3.0,00:32:27,112.0,104.0,14.0,02:21:04,27.0,27.0,5.0,01:23:15,6.0,6.0,3.0,00:2:46,16.0,15.0,2.0,00:1:07,7.0,7.0,2.0,FIN,04:07:37,26.0,26.0,1.0,1947,8464,4995,166,67,15639,4995,15639
532,Miguel Arbelo Navarro,Spain,Male,M40-44,04:27:41,30.0,30.0,7.0,00:26:43,10.0,10.0,3.0,02:25:43,53.0,53.0,12.0,01:30:40,39.0,39.0,7.0,00:3:11,45.0,39.0,11.0,00:1:24,20.0,19.0,3.0,FIN,04:07:55,27.0,27.0,1.0,1603,8743,5440,191,84,16061,5440,16061
34,Oliviera Coutinho Domingo,France,Male,M55-59,04:50:02,88.0,85.0,5.0,00:34:39,176.0,162.0,10.0,02:32:28,92.0,90.0,7.0,01:36:58,77.0,75.0,2.0,00:4:05,117.0,102.0,6.0,00:1:51,73.0,65.0,4.0,FIN,04:08:24,28.0,28.0,1.0,2079,9148,5818,245,111,17402,5818,17402
422,John Vaughan,Ireland,Male,M45-49,04:37:22,45.0,45.0,2.0,00:29:11,43.0,42.0,4.0,02:24:47,46.0,46.0,3.0,01:37:01,78.0,76.0,5.0,00:4:32,161.0,140.0,14.0,00:1:51,72.0,64.0,8.0,FIN,04:09:01,29.0,29.0,1.0,1751,8687,5821,272,111,16642,5821,16642
488,Pablo Cabeza Sánchez,Spain,Male,M60-64,05:04:18,136.0,128.0,4.0,00:33:12,131.0,122.0,5.0,02:31:25,84.0,83.0,3.0,01:52:02,198.0,186.0,6.0,00:4:02,111.0,96.0,5.0,00:3:38,338.0,296.0,10.0,FIN,04:09:16,30.0,30.0,,1992,9085,6722,242,218,18258,6722,18258
454,Asier Oiartzabal Garmendia,Spain,Male,M50-54,04:42:48,59.0,59.0,4.0,00:28:25,26.0,26.0,2.0,02:22:12,32.0,32.0,3.0,01:47:03,169.0,159.0,14.0,00:2:56,28.0,25.0,3.0,00:2:13,129.0,112.0,9.0,FIN,04:09:47,31.0,31.0,,1705,8532,6423,176,133,16968,6423,16968
485,Philippe Albos,France,Male,M60-64,05:05:11,139.0,131.0,5.0,00:33:40,145.0,134.0,8.0,02:40:11,160.0,152.0,6.0,01:42:00,121.0,114.0,3.0,00:6:26,323.0,286.0,12.0,00:2:54,244.0,219.0,6.0,FIN,04:10:00,32.0,32.0,,2020,9611,6120,386,174,18311,6120,18311
423,Ben Weir,United Kingdom,Male,M45-49,04:38:29,50.0,50.0,3.0,00:28:54,36.0,36.0,3.0,02:28:08,63.0,63.0,6.0,01:35:46,69.0,68.0,4.0,00:3:30,72.0,63.0,5.0,00:2:11,126.0,109.0,15.0,FIN,04:10:01,33.0,33.0,,1734,8888,5746,210,131,16709,5746,16709
496,Ian Thomas,United Kingdom,Male,M60-64,05:05:27,140.0,132.0,6.0,00:36:55,250.0,227.0,12.0,02:41:24,171.0,162.0,7.0,01:39:22,100.0,95.0,1.0,00:5:16,231.0,204.0,7.0,00:2:30,189.0,168.0,5.0,FIN,04:10:13,34.0,34.0,,2215,9684,5962,316,150,18327,5962,18327
221,Simon Beckers,Belgium,Male,M30-34,04:19:54,13.0,13.0,2.0,00:24:10,3.0,3.0,1.0,02:15:53,8.0,8.0,2.0,01:34:07,61.0,60.0,15.0,00:4:12,127.0,110.0,16.0,00:1:33,37.0,34.0,3.0,FIN,04:10:56,35.0,35.0,,1450,8153,5647,252,93,15594,5647,15594
443,Menno Feulner,Germany,Male,M50-54,04:44:37,62.0,62.0,5.0,00:27:53,21.0,21.0,1.0,02:25:34,51.0,51.0,6.0,01:44:10,143.0,135.0,12.0,00:4:05,116.0,101.0,10.0,00:2:55,246.0,221.0,24.0,FIN,04:11:24,36.0,36.0,,1673,8734,6250,245,175,17077,6250,17077
254,Jeremy Sannier,France,Male,M30-34,04:20:26,16.0,16.0,3.0,00:26:11,9.0,9.0,2.0,02:16:41,11.0,11.0,3.0,01:32:19,49.0,49.0,13.0,00:3:25,63.0,56.0,8.0,00:1:50,69.0,62.0,8.0,FIN,04:11:26,37.0,37.0,,1571,8201,5539,205,110,15626,5539,15626
38,Gwenaël Marchand,France,Male,M45-49,04:40:29,56.0,56.0,4.0,00:32:45,118.0,109.0,16.0,02:22:46,35.0,35.0,1.0,01:40:18,109.0,102.0,9.0,00:3:12,49.0,43.0,4.0,00:1:28,26.0,25.0,3.0,FIN,04:11:49,38.0,38.0,,1965,8566,6018,192,88,16829,6018,16829
447,Piotr Kazmierczak,Poland,Male,M50-54,04:46:00,70.0,69.0,6.0,00:33:13,133.0,124.0,16.0,02:23:31,40.0,40.0,4.0,01:42:48,129.0,122.0,9.0,00:3:18,58.0,51.0,5.0,00:3:10,272.0,245.0,27.0,FIN,04:12:37,39.0,39.0,,1993,8611,6168,198,190,17160,6168,17160
1,Maxence Dion,France,Male,M18-24,04:12:42,8.0,8.0,3.0,00:24:44,5.0,5.0,3.0,02:20:29,25.0,25.0,6.0,01:23:19,7.0,7.0,2.0,00:2:46,15.0,14.0,5.0,00:1:24,19.0,18.0,4.0,FIN,04:12:42,40.0,40.0,,1484,8429,4999,166,84,15162,4999,15162
61,Mohamed Ali Bani,Tunisia,Male,M40-44,04:33:34,38.0,38.0,8.0,00:28:37,32.0,32.0,5.0,02:26:23,58.0,58.0,14.0,01:32:58,55.0,55.0,11.0,00:2:58,30.0,27.0,6.0,00:2:39,209.0,186.0,46.0,FIN,04:13:22,41.0,41.0,,1717,8783,5578,178,159,16414,5578,16414
147,Ewen Cadoret,France,Male,M18-24,04:13:34,9.0,9.0,4.0,00:28:17,24.0,24.0,5.0,02:14:43,6.0,6.0,3.0,01:26:20,18.0,18.0,5.0,00:3:20,59.0,52.0,10.0,00:0:55,2.0,2.0,1.0,FIN,04:13:34,42.0,42.0,,1697,8083,5180,200,55,15214,5180,15214
518,Zakaria Hssiki,Morocco,Male,M30-34,04:23:20,21.0,21.0,4.0,00:27:09,13.0,13.0,3.0,02:26:03,56.0,56.0,8.0,01:25:28,12.0,12.0,3.0,00:2:34,8.0,8.0,1.0,00:2:05,106.0,91.0,12.0,FIN,04:14:14,43.0,43.0,,1629,8763,5128,154,125,15800,5128,15800
8,Zeus Lopez Perez,Spain,Male,M35-39,04:28:08,31.0,31.0,4.0,00:26:50,12.0,12.0,1.0,02:17:48,16.0,16.0,3.0,01:39:13,98.0,94.0,16.0,00:2:47,17.0,16.0,3.0,00:1:31,30.0,28.0,5.0,FIN,04:14:43,44.0,44.0,,1610,8268,5953,167,91,16088,5953,16088
558,Raphaël Triquet,France,Male,M50-54,04:48:53,78.0,77.0,7.0,00:31:41,96.0,91.0,12.0,02:27:23,60.0,60.0,7.0,01:44:51,148.0,140.0,13.0,00:3:44,87.0,77.0,8.0,00:1:15,10.0,10.0,1.0,FIN,04:15:10,45.0,45.0,,1901,8843,6291,224,75,17333,6291,17333
521,James Long,United Kingdom,Male,M30-34,04:24:39,23.0,23.0,5.0,00:34:00,152.0,140.0,15.0,02:18:09,17.0,17.0,4.0,01:27:31,23.0,23.0,9.0,00:2:45,14.0,13.0,3.0,00:2:13,128.0,111.0,16.0,FIN,04:15:31,46.0,46.0,,2040,8289,5251,165,133,15879,5251,15879
384,Rachid Bettache,Morocco,Male,M45-49,04:45:07,66.0,66.0,5.0,00:28:26,29.0,29.0,1.0,02:24:39,45.0,45.0,2.0,01:45:31,160.0,152.0,14.0,00:4:39,173.0,151.0,16.0,00:1:52,75.0,67.0,9.0,FIN,04:15:58,47.0,47.0,,1706,8679,6331,279,112,17107,6331,17107
19,Alexandre Boucher,France,Male,M30-34,04:25:11,26.0,26.0,6.0,00:28:32,31.0,31.0,6.0,02:25:48,55.0,55.0,7.0,01:25:41,15.0,15.0,4.0,00:3:47,90.0,80.0,11.0,00:1:23,16.0,15.0,1.0,FIN,04:16:02,48.0,48.0,,1712,8748,5141,227,83,15911,5141,15911
408,Rob Marshall,United Kingdom,Male,M45-49,04:45:13,68.0,68.0,6.0,00:34:58,190.0,173.0,24.0,02:30:28,77.0,77.0,9.0,01:34:16,62.0,61.0,3.0,00:4:04,115.0,100.0,10.0,00:1:27,23.0,22.0,2.0,FIN,04:16:04,49.0,49.0,,2098,9028,5656,244,87,17113,5656,17113
25,Olivier Vancraeynest,Belgium,Male,M40-44,04:36:38,43.0,43.0,9.0,00:36:24,235.0,214.0,41.0,02:17:07,14.0,14.0,2.0,01:37:59,88.0,85.0,19.0,00:3:10,41.0,37.0,10.0,00:1:58,91.0,80.0,16.0,FIN,04:16:13,50.0,50.0,,2184,8227,5879,190,118,16598,5879,16598
26,David Benard,France,Male,M45-49,04:46:18,72.0,71.0,7.0,00:29:22,47.0,46.0,6.0,02:26:05,57.0,57.0,5.0,01:45:31,161.0,153.0,15.0,00:3:11,46.0,40.0,2.0,00:2:07,114.0,98.0,13.0,FIN,04:17:02,51.0,51.0,,1762,8765,6331,191,127,17178,6331,17178
469,Frederick Chevalier,France,Male,M55-59,05:00:22,115.0,109.0,6.0,00:34:02,154.0,142.0,9.0,02:28:57,66.0,66.0,4.0,01:51:33,194.0,182.0,7.0,00:4:19,136.0,118.0,9.0,00:1:31,33.0,30.0,2.0,FIN,04:17:15,52.0,52.0,,2042,8937,6693,259,91,18022,6693,18022
533,Yassine Bennis,Morocco,Male,M40-44,04:37:49,47.0,47.0,10.0,00:29:05,41.0,40.0,9.0,02:31:14,82.0,81.0,17.0,01:32:37,52.0,52.0,9.0,00:3:21,61.0,54.0,12.0,00:1:32,36.0,33.0,6.0,FIN,04:17:18,53.0,53.0,,1745,9074,5557,201,92,16669,5557,16669
542,Hicham Sadiqui,Morocco,Male,M40-44,04:37:51,48.0,48.0,11.0,00:36:26,237.0,216.0,42.0,02:22:22,33.0,33.0,8.0,01:31:16,41.0,41.0,8.0,00:4:44,177.0,155.0,34.0,00:3:03,257.0,232.0,56.0,FIN,04:17:20,54.0,54.0,,2186,8542,5476,284,183,16671,5476,16671
30,Michaël Bruneau,Belgium,Male,M50-54,04:51:33,92.0,87.0,8.0,00:33:11,130.0,121.0,15.0,02:29:18,67.0,67.0,9.0,01:43:18,138.0,130.0,11.0,00:3:35,77.0,68.0,7.0,00:2:10,122.0,106.0,8.0,FIN,04:17:31,55.0,55.0,,1991,8958,6198,215,130,17493,6198,17493
442,El Mehdi El Idrissi,Morocco,Male,M50-54,04:51:41,93.0,88.0,9.0,00:37:29,269.0,244.0,29.0,02:28:06,62.0,62.0,8.0,01:37:41,85.0,82.0,6.0,00:5:57,292.0,259.0,29.0,00:2:28,181.0,162.0,13.0,FIN,04:17:38,56.0,56.0,,2249,8886,5861,357,148,17501,5861,17501
252,Erik Saey,Belgium,Male,M30-34,04:26:54,29.0,29.0,7.0,00:32:46,119.0,110.0,11.0,02:24:18,43.0,43.0,5.0,01:23:34,8.0,8.0,2.0,00:4:23,145.0,127.0,20.0,00:1:54,81.0,72.0,9.0,FIN,04:17:41,57.0,57.0,,1966,8658,5014,263,114,16014,5014,16014
16,Elke Dom,Belgium,Female,F50-54,04:45:59,69.0,1.0,1.0,00:30:09,71.0,3.0,1.0,02:31:06,80.0,1.0,1.0,01:39:55,106.0,7.0,2.0,00:3:07,38.0,4.0,2.0,00:1:42,55.0,6.0,1.0,FIN,04:17:50,58.0,1.0,1.0,1809,9066,5995,187,102,17159,5995,17159
28,Issam Eddamsiri,Morocco,Male,M45-49,04:47:26,73.0,72.0,8.0,00:34:01,153.0,141.0,21.0,02:36:28,122.0,119.0,18.0,01:29:23,30.0,30.0,2.0,00:5:00,204.0,179.0,21.0,00:2:34,199.0,176.0,23.0,FIN,04:18:03,59.0,58.0,,2041,9388,5363,300,154,17246,5363,17246
175,Lloyd Bärtschi,Switzerland,Male,M25-29,04:19:56,14.0,14.0,3.0,00:27:56,22.0,22.0,5.0,02:17:38,15.0,15.0,4.0,01:30:11,34.0,34.0,7.0,00:2:50,21.0,18.0,3.0,00:1:20,12.0,12.0,3.0,FIN,04:18:05,60.0,59.0,,1676,8258,5411,170,80,15596,5411,15596
327,Cedric Chabaneix,Morocco,Male,M40-44,04:38:53,52.0,52.0,12.0,00:29:07,42.0,41.0,10.0,02:24:21,44.0,44.0,11.0,01:40:51,114.0,107.0,24.0,00:3:01,32.0,29.0,7.0,00:1:34,38.0,35.0,7.0,FIN,04:18:18,61.0,60.0,,1747,8661,6051,181,94,16733,6051,16733
375,Tarek Alioua,Morocco,Male,M45-49,04:47:49,75.0,74.0,9.0,00:32:09,108.0,100.0,13.0,02:29:36,69.0,69.0,8.0,01:39:26,101.0,96.0,7.0,00:4:25,150.0,131.0,13.0,00:2:13,130.0,113.0,16.0,FIN,04:18:24,62.0,61.0,,1929,8976,5966,265,133,17269,5966,17269
148,nathan castex,France,Male,M18-24,04:18:30,10.0,10.0,5.0,00:25:50,8.0,8.0,4.0,02:23:50,41.0,41.0,10.0,01:25:26,11.0,11.0,3.0,00:2:18,2.0,2.0,2.0,00:1:04,4.0,4.0,2.0,FIN,04:18:30,63.0,62.0,,1550,8630,5126,138,64,15510,5126,15510
478,Johann Hiebler,Austria,Male,M60-64,05:15:59,171.0,159.0,7.0,00:35:07,195.0,176.0,9.0,02:34:31,107.0,104.0,4.0,01:57:10,240.0,220.0,7.0,00:6:17,309.0,273.0,11.0,00:2:55,245.0,220.0,7.0,FIN,04:18:51,64.0,63.0,,2107,9271,7030,377,175,18959,7030,18959
247,Javier Mira,Spain,Male,M30-34,04:28:26,32.0,32.0,8.0,00:27:15,14.0,14.0,4.0,02:24:55,47.0,47.0,6.0,01:31:02,40.0,40.0,11.0,00:3:36,78.0,69.0,9.0,00:1:38,47.0,42.0,5.0,FIN,04:19:10,65.0,64.0,,1635,8695,5462,216,98,16106,5462,16106
477,David Harinck,Belgium,Male,M55-59,05:02:42,128.0,120.0,7.0,00:28:23,25.0,25.0,1.0,02:23:00,36.0,36.0,2.0,02:03:44,300.0,272.0,11.0,00:4:17,134.0,116.0,7.0,00:3:18,293.0,261.0,14.0,FIN,04:19:15,66.0,65.0,,1703,8580,7424,257,198,18162,7424,18162
32,Vincent Jaud,France,Male,M50-54,04:53:35,96.0,91.0,10.0,00:33:05,126.0,117.0,14.0,02:29:38,70.0,70.0,10.0,01:40:08,108.0,101.0,7.0,00:6:58,353.0,310.0,33.0,00:3:46,350.0,307.0,33.0,FIN,04:19:19,67.0,66.0,,1985,8978,6008,418,226,17615,6008,17615
314,Sebastian Arndt,Germany,Male,M40-44,04:40:57,58.0,58.0,13.0,00:30:58,80.0,75.0,15.0,02:30:11,74.0,74.0,15.0,01:34:04,59.0,58.0,13.0,00:2:51,24.0,21.0,3.0,00:2:53,242.0,217.0,54.0,FIN,04:20:12,68.0,67.0,,1858,9011,5644,171,173,16857,5644,16857
455,Hicham Oussi,Morocco,Male,M50-54,04:54:51,99.0,94.0,11.0,00:31:24,90.0,85.0,10.0,02:39:57,158.0,150.0,17.0,01:34:53,66.0,65.0,2.0,00:4:56,199.0,175.0,20.0,00:3:41,340.0,298.0,32.0,FIN,04:20:26,69.0,68.0,,1884,9597,5693,296,221,17691,5693,17691
193,Théo Fernandez,France,Male,M25-29,04:22:41,19.0,19.0,4.0,00:29:25,49.0,48.0,6.0,02:18:12,18.0,18.0,5.0,01:29:56,32.0,32.0,5.0,00:3:45,88.0,78.0,8.0,00:1:22,15.0,14.0,4.0,FIN,04:20:49,70.0,69.0,,1765,8292,5396,225,82,15761,5396,15761
507,Daurian Garrandes,France,Male,M25-29,04:22:56,20.0,20.0,5.0,00:27:48,20.0,20.0,4.0,02:14:22,5.0,5.0,2.0,01:36:13,72.0,71.0,9.0,00:3:05,36.0,33.0,4.0,00:1:28,25.0,24.0,7.0,FIN,04:21:03,71.0,70.0,,1668,8062,5773,185,88,15776,5773,15776
15,Carla Ciaudano,Italy,Female,F50-54,04:49:37,82.0,3.0,2.0,00:33:40,144.0,11.0,4.0,02:31:32,86.0,2.0,2.0,01:39:16,99.0,5.0,1.0,00:3:10,42.0,5.0,3.0,00:1:59,93.0,12.0,3.0,FIN,04:21:07,72.0,2.0,1.0,2020,9092,5956,190,119,17377,5956,17377
21,Taha Laaribi,Morocco,Male,M35-39,04:35:09,40.0,40.0,5.0,00:34:43,177.0,163.0,22.0,02:23:27,38.0,38.0,6.0,01:30:20,35.0,35.0,4.0,00:4:20,137.0,119.0,16.0,00:2:18,150.0,133.0,17.0,FIN,04:21:23,73.0,71.0,,2083,8607,5420,260,138,16509,5420,16509
497,steven adams,United Kingdom,Male,M65-69,05:42:21,265.0,245.0,2.0,00:35:16,204.0,184.0,2.0,02:52:32,254.0,234.0,3.0,02:08:15,331.0,296.0,3.0,00:3:49,95.0,84.0,2.0,00:2:29,186.0,166.0,1.0,FIN,04:21:33,74.0,72.0,,2116,10352,7695,229,149,20541,7695,20541
526,Adnan Essayadi,Morocco,Male,M35-39,04:36:17,42.0,42.0,6.0,00:30:30,77.0,73.0,10.0,02:30:21,76.0,76.0,10.0,01:31:27,43.0,43.0,7.0,00:2:35,9.0,9.0,1.0,00:1:25,21.0,20.0,3.0,FIN,04:22:28,75.0,73.0,,1830,9021,5487,155,85,16577,5487,16577
333,Mimouni El mehdi,Morocco,Male,M40-44,04:44:09,60.0,60.0,14.0,00:32:02,104.0,98.0,21.0,02:32:48,95.0,92.0,20.0,01:32:56,54.0,54.0,10.0,00:4:02,110.0,95.0,20.0,00:2:21,161.0,144.0,31.0,FIN,04:23:10,76.0,74.0,,1922,9168,5576,242,141,17049,5576,17049
269,Hamza Biyadi,Morocco,Male,M35-39,04:37:23,46.0,46.0,7.0,00:29:40,57.0,55.0,8.0,02:31:11,81.0,80.0,11.0,01:30:23,36.0,36.0,5.0,00:4:09,123.0,106.0,14.0,00:2:00,97.0,84.0,11.0,FIN,04:23:30,77.0,75.0,,1780,9071,5423,249,120,16643,5423,16643
391,Stuart Cleworth,United Kingdom,Male,M45-49,04:54:10,98.0,93.0,10.0,00:30:01,68.0,66.0,8.0,02:32:50,96.0,93.0,11.0,01:44:17,144.0,136.0,11.0,00:4:06,120.0,103.0,11.0,00:2:56,249.0,224.0,30.0,FIN,04:24:06,78.0,76.0,,1801,9170,6257,246,176,17650,6257,17650
22,Sébastien Baucher,France,Male,M40-44,04:45:10,67.0,67.0,15.0,00:35:08,197.0,178.0,35.0,02:19:26,21.0,21.0,3.0,01:45:12,153.0,145.0,34.0,00:4:04,114.0,99.0,22.0,00:1:20,13.0,13.0,2.0,FIN,04:24:07,79.0,77.0,,2108,8366,6312,244,80,17110,6312,17110
35,Frederic Leblanc,France,Male,M55-59,05:08:38,148.0,140.0,8.0,00:36:51,247.0,224.0,14.0,02:41:01,169.0,160.0,9.0,01:45:06,151.0,143.0,6.0,00:3:20,60.0,53.0,1.0,00:2:21,165.0,148.0,8.0,FIN,04:24:20,80.0,78.0,,2211,9661,6306,200,141,18518,6306,18518
505,Guillaume Cerato,Italy,Male,M18-24,04:24:43,24.0,24.0,6.0,00:34:19,163.0,150.0,15.0,02:19:44,22.0,22.0,5.0,01:25:29,13.0,13.0,4.0,00:3:17,57.0,50.0,9.0,00:1:54,80.0,71.0,10.0,FIN,04:24:43,81.0,79.0,,2059,8384,5129,197,114,15883,5129,15883
545,Jose Barea,Spain,Male,M45-49,04:55:09,102.0,97.0,11.0,00:34:20,165.0,152.0,22.0,02:37:19,130.0,126.0,21.0,01:37:05,79.0,77.0,6.0,00:3:56,103.0,90.0,9.0,00:2:29,187.0,167.0,21.0,FIN,04:24:59,82.0,80.0,,2060,9439,5825,236,149,17709,5825,17709
260,Abdennaser Aamar,Morocco,Male,M35-39,04:38:59,53.0,53.0,8.0,00:32:31,114.0,106.0,16.0,02:18:31,19.0,19.0,4.0,01:43:05,133.0,126.0,20.0,00:2:58,31.0,28.0,5.0,00:1:54,82.0,73.0,10.0,FIN,04:25:02,83.0,81.0,,1951,8311,6185,178,114,16739,6185,16739
296,Soheyb Lazrak,Morocco,Male,M35-39,04:39:35,54.0,54.0,9.0,00:31:30,93.0,88.0,12.0,02:31:54,89.0,87.0,12.0,01:31:19,42.0,42.0,6.0,00:3:15,56.0,49.0,9.0,00:1:38,48.0,43.0,7.0,FIN,04:25:36,84.0,82.0,,1890,9114,5479,195,98,16775,5479,16775
144,Willan BASCLE,France,Male,M18-24,04:25:56,28.0,28.0,7.0,00:29:40,56.0,54.0,8.0,02:21:08,28.0,28.0,7.0,01:28:58,26.0,26.0,7.0,00:4:26,152.0,132.0,13.0,00:1:44,61.0,54.0,7.0,FIN,04:25:56,85.0,83.0,,1780,8468,5338,266,104,15956,5338,15956
503,Manfred Steckel,Germany,Male,M70-74,06:13:39,364.0,330.0,1.0,00:34:49,182.0,167.0,1.0,03:05:21,342.0,311.0,1.0,02:19:33,380.0,337.0,1.0,00:10:13,450.0,393.0,1.0,00:3:43,345.0,302.0,1.0,FIN,04:26:00,86.0,84.0,1.0,2089,11121,8373,613,223,22419,8373,22419
14,Sara Bund,Germany,Female,F45-49,04:49:26,81.0,2.0,1.0,00:28:56,38.0,1.0,1.0,02:38:17,135.0,6.0,2.0,01:36:25,74.0,2.0,2.0,00:3:48,94.0,11.0,3.0,00:2:00,98.0,14.0,3.0,FIN,04:26:02,87.0,3.0,1.0,1736,9497,5785,228,120,17366,5785,17366
37,Volker Hemberger,Germany,Male,M65-69,05:48:16,280.0,257.0,3.0,00:39:29,310.0,278.0,5.0,02:45:42,202.0,190.0,2.0,02:14:29,364.0,325.0,4.0,00:5:20,235.0,208.0,5.0,00:3:17,289.0,258.0,4.0,FIN,04:26:04,88.0,85.0,,2369,9942,8069,320,197,20896,8069,20896
499,Louis Mejias,France,Male,M65-69,05:48:39,282.0,259.0,4.0,00:39:24,309.0,277.0,4.0,02:57:08,291.0,268.0,4.0,02:04:43,307.0,277.0,2.0,00:4:37,169.0,147.0,4.0,00:2:48,230.0,206.0,2.0,FIN,04:26:22,89.0,86.0,,2364,10628,7483,277,168,20919,7483,20919
241,Yahya LBARNOUSSI,Morocco,Male,M30-34,04:35:58,41.0,41.0,9.0,00:29:50,60.0,58.0,9.0,02:34:10,105.0,102.0,12.0,01:26:10,17.0,17.0,5.0,00:3:42,85.0,75.0,10.0,00:2:06,111.0,96.0,13.0,FIN,04:26:26,90.0,87.0,,1790,9250,5170,222,126,16558,5170,16558
187,MOHAMED EJJAHED,Morocco,Male,M25-29,04:28:34,33.0,33.0,6.0,00:25:36,7.0,7.0,1.0,02:31:06,79.0,79.0,8.0,01:25:51,16.0,16.0,3.0,00:4:15,131.0,113.0,9.0,00:1:46,64.0,57.0,9.0,FIN,04:26:39,91.0,88.0,,1536,9066,5151,255,106,16114,5151,16114
114,Ioana Osa Larruzea,Spain,Female,F45-49,04:50:09,89.0,4.0,2.0,00:29:36,54.0,2.0,2.0,02:36:39,126.0,4.0,1.0,01:39:34,103.0,6.0,3.0,00:2:43,13.0,1.0,1.0,00:1:36,41.0,4.0,1.0,FIN,04:26:42,92.0,4.0,1.0,1776,9399,5974,163,96,17409,5974,17409
246,Charlie Meraud,France,Male,M30-34,04:36:48,44.0,44.0,10.0,00:33:42,147.0,136.0,14.0,02:28:45,65.0,65.0,9.0,01:28:45,25.0,25.0,10.0,00:3:58,105.0,91.0,13.0,00:1:37,43.0,39.0,4.0,FIN,04:27:15,93.0,89.0,,2022,8925,5325,238,97,16608,5325,16608
328,Thomas Chabert,France,Male,M40-44,04:48:51,77.0,76.0,16.0,00:29:39,55.0,53.0,11.0,02:23:10,37.0,37.0,9.0,01:51:33,193.0,181.0,44.0,00:2:35,10.0,10.0,2.0,00:1:54,84.0,75.0,14.0,FIN,04:27:31,94.0,90.0,,1779,8590,6693,155,114,17331,6693,17331
541,Breiffne O Donnell,Ireland,Male,M40-44,04:49:11,80.0,79.0,17.0,00:31:53,101.0,95.0,19.0,02:30:39,78.0,78.0,16.0,01:41:23,117.0,110.0,25.0,00:3:03,33.0,30.0,8.0,00:2:13,131.0,114.0,23.0,FIN,04:27:50,95.0,91.0,,1913,9039,6083,183,133,17351,6083,17351
68,Rachid Fekhkhar,Morocco,Male,M45-49,04:58:40,112.0,106.0,12.0,00:34:54,186.0,171.0,23.0,02:32:02,90.0,88.0,10.0,01:42:25,124.0,117.0,10.0,00:6:09,303.0,269.0,38.0,00:3:09,269.0,243.0,35.0,FIN,04:28:08,96.0,92.0,,2094,9122,6145,369,189,17920,6145,17920
341,Marc Hoenmann,Morocco,Male,M40-44,04:49:39,83.0,80.0,18.0,00:29:04,39.0,38.0,7.0,02:31:32,87.0,85.0,18.0,01:43:24,139.0,131.0,31.0,00:3:31,75.0,66.0,17.0,00:2:08,119.0,103.0,21.0,FIN,04:28:16,97.0,93.0,,1744,9092,6204,211,128,17379,6204,17379
24,Hakim Loudghiri,Morocco,Male,M40-44,04:49:41,85.0,82.0,19.0,00:32:01,103.0,97.0,20.0,02:36:34,124.0,121.0,28.0,01:34:36,65.0,64.0,14.0,00:4:23,147.0,129.0,29.0,00:2:07,115.0,99.0,20.0,FIN,04:28:18,98.0,94.0,,1921,9394,5676,263,127,17381,5676,17381
493,Mike Möbius,Germany,Male,M60-64,05:27:41,220.0,203.0,8.0,00:36:16,233.0,212.0,11.0,02:39:15,148.0,141.0,5.0,02:03:38,299.0,271.0,10.0,00:4:34,165.0,144.0,6.0,00:3:58,360.0,316.0,11.0,FIN,04:28:26,99.0,95.0,,2176,9555,7418,274,238,19661,7418,19661
7,Xavier Comte,France,Male,M60-64,05:27:41,221.0,204.0,9.0,00:33:29,140.0,130.0,7.0,02:46:45,215.0,202.0,10.0,02:01:19,280.0,255.0,8.0,00:3:59,106.0,92.0,4.0,00:2:09,120.0,104.0,4.0,FIN,04:28:26,100.0,96.0,,2009,10005,7279,239,129,19661,7279,19661
213,Miguel Vidal Hernández,Spain,Male,M25-29,04:30:40,35.0,35.0,7.0,00:31:10,84.0,79.0,8.0,02:25:23,50.0,50.0,6.0,01:29:09,28.0,28.0,4.0,00:3:32,76.0,67.0,7.0,00:1:26,22.0,21.0,6.0,FIN,04:28:44,101.0,97.0,,1870,8723,5349,212,86,16240,5349,16240
432,Adrian Bezzina,Malta,Male,M50-54,05:04:50,137.0,129.0,12.0,00:37:50,280.0,253.0,31.0,02:44:29,196.0,185.0,21.0,01:35:10,68.0,67.0,3.0,00:5:30,250.0,222.0,23.0,00:1:50,70.0,63.0,5.0,FIN,04:29:15,102.0,98.0,,2270,9869,5710,330,110,18290,5710,18290
427,Ricardo Aguilar Laudo,Spain,Male,M50-54,05:04:51,138.0,130.0,13.0,00:30:00,67.0,65.0,7.0,02:33:29,102.0,99.0,12.0,01:54:21,214.0,197.0,17.0,00:4:22,143.0,125.0,12.0,00:2:40,214.0,191.0,17.0,FIN,04:29:16,103.0,99.0,,1800,9209,6861,262,160,18291,6861,18291
412,Florian Nadal,France,Male,M45-49,04:59:57,114.0,108.0,13.0,00:33:56,151.0,139.0,20.0,02:40:24,163.0,155.0,25.0,01:39:30,102.0,97.0,8.0,00:4:38,171.0,149.0,15.0,00:1:30,27.0,26.0,4.0,FIN,04:29:17,104.0,100.0,,2036,9624,5970,278,90,17997,5970,17997
495,Khalid Sqalli,Morocco,Male,M60-64,05:28:45,226.0,209.0,10.0,00:33:20,136.0,127.0,6.0,02:42:58,186.0,176.0,8.0,02:02:26,285.0,259.0,9.0,00:5:57,290.0,257.0,10.0,00:4:05,370.0,324.0,12.0,FIN,04:29:18,105.0,101.0,,2000,9778,7346,357,245,19725,7346,19725
410,Martin Moege,Germany,Male,M45-49,05:00:39,118.0,112.0,14.0,00:37:00,251.0,228.0,35.0,02:29:35,68.0,68.0,7.0,01:48:42,179.0,168.0,16.0,00:3:06,37.0,34.0,1.0,00:2:16,142.0,125.0,17.0,FIN,04:29:55,106.0,102.0,,2220,8975,6522,186,136,18039,6522,18039
152,Victor Faranton,France,Male,M18-24,04:30:05,34.0,34.0,8.0,00:29:41,58.0,56.0,9.0,02:23:30,39.0,39.0,9.0,01:32:13,46.0,46.0,8.0,00:2:50,22.0,19.0,6.0,00:1:52,74.0,66.0,8.0,FIN,04:30:05,107.0,103.0,,1781,8610,5533,170,112,16205,5533,16205
554,Adil Keddouri,Morocco,Male,M50-54,05:06:47,144.0,136.0,14.0,00:37:57,285.0,257.0,33.0,02:38:31,138.0,132.0,15.0,01:42:54,130.0,123.0,10.0,00:4:50,190.0,166.0,17.0,00:2:35,201.0,178.0,15.0,FIN,04:30:58,108.0,104.0,,2277,9511,6174,290,155,18407,6174,18407
515,Miguel Ángel Callejas Moreno,Spain,Male,M30-34,04:40:41,57.0,57.0,11.0,00:29:53,65.0,63.0,10.0,02:29:45,72.0,72.0,10.0,01:34:05,60.0,59.0,14.0,00:4:22,141.0,123.0,19.0,00:2:37,206.0,183.0,23.0,FIN,04:30:59,109.0,105.0,,1793,8985,5645,262,157,16841,5645,16841
27,Tom De Coster,Belgium,Male,M45-49,05:02:05,125.0,117.0,15.0,00:30:29,76.0,72.0,10.0,02:32:54,97.0,94.0,12.0,01:53:00,206.0,193.0,21.0,00:3:41,84.0,74.0,7.0,00:2:01,99.0,85.0,11.0,FIN,04:31:12,110.0,106.0,,1829,9174,6780,221,121,18125,6780,18125
411,Mario Muscat,Malta,Male,M45-49,05:03:01,130.0,122.0,16.0,00:33:28,139.0,129.0,19.0,02:38:54,144.0,137.0,22.0,01:45:18,155.0,147.0,13.0,00:3:36,80.0,71.0,6.0,00:1:46,66.0,59.0,7.0,FIN,04:32:02,111.0,107.0,,2008,9534,6318,216,106,18181,6318,18181
540,Mohammed Labrini,Morocco,Male,M40-44,04:53:48,97.0,92.0,20.0,00:31:28,92.0,87.0,16.0,02:33:56,103.0,100.0,21.0,01:40:50,113.0,106.0,23.0,00:4:55,197.0,173.0,38.0,00:2:39,210.0,187.0,47.0,FIN,04:32:07,112.0,108.0,,1888,9236,6050,295,159,17628,6050,17628
436,Christophe Clequin,France,Male,M50-54,05:08:34,147.0,139.0,15.0,00:29:51,61.0,59.0,6.0,02:42:46,184.0,174.0,20.0,01:48:52,180.0,169.0,15.0,00:4:29,157.0,136.0,13.0,00:2:36,205.0,182.0,16.0,FIN,04:32:33,113.0,109.0,,1791,9766,6532,269,156,18514,6532,18514
337,youness ELOUATANi,Morocco,Male,M40-44,04:55:03,100.0,95.0,21.0,00:34:47,180.0,166.0,31.0,02:38:57,146.0,139.0,33.0,01:34:54,67.0,66.0,15.0,00:4:45,179.0,157.0,35.0,00:1:40,53.0,48.0,10.0,FIN,04:33:16,114.0,110.0,,2087,9537,5694,285,100,17703,5694,17703
9,Stephen Lopez,United States,Male,M40-44,04:55:08,101.0,96.0,22.0,00:35:58,224.0,203.0,37.0,02:25:43,54.0,54.0,13.0,01:47:43,175.0,165.0,39.0,00:3:28,66.0,58.0,14.0,00:2:15,138.0,121.0,27.0,FIN,04:33:21,115.0,111.0,,2158,8743,6463,208,135,17708,6463,17708
155,Oscar Hernández Quintanar,Mexico,Male,M18-24,04:33:37,39.0,39.0,9.0,00:29:53,64.0,62.0,10.0,02:18:36,20.0,20.0,4.0,01:40:26,110.0,103.0,11.0,00:2:27,3.0,3.0,3.0,00:2:16,141.0,124.0,15.0,FIN,04:33:37,116.0,112.0,,1793,8316,6026,147,136,16417,6026,16417
107,Camille Signorino,France,Male,M40-44,04:55:46,104.0,99.0,23.0,00:32:08,106.0,99.0,22.0,02:39:29,152.0,145.0,36.0,01:38:36,91.0,88.0,20.0,00:3:30,73.0,64.0,16.0,00:2:04,104.0,89.0,19.0,FIN,04:33:56,117.0,113.0,,1928,9569,5916,210,124,17746,5916,17746
70,Marouane Mriss,Morocco,Male,M40-44,04:56:11,105.0,100.0,24.0,00:40:35,337.0,298.0,56.0,02:36:05,119.0,116.0,26.0,01:29:37,31.0,31.0,4.0,00:6:18,312.0,276.0,54.0,00:3:37,332.0,292.0,64.0,FIN,04:34:19,118.0,114.0,,2435,9365,5377,378,217,17771,5377,17771
565,Karim Samih,Morocco,Male,M35-39,04:48:50,76.0,75.0,10.0,00:31:04,82.0,77.0,11.0,02:38:33,139.0,133.0,20.0,01:34:30,64.0,63.0,13.0,00:3:13,52.0,45.0,8.0,00:1:31,31.0,29.0,6.0,FIN,04:34:23,119.0,115.0,,1864,9513,5670,193,91,17330,5670,17330
39,Ali Moutaoukil,Morocco,Male,M35-39,04:49:05,79.0,78.0,11.0,00:38:50,298.0,268.0,35.0,02:28:37,64.0,64.0,8.0,01:32:18,48.0,48.0,9.0,00:5:13,225.0,198.0,27.0,00:4:07,372.0,326.0,46.0,FIN,04:34:37,120.0,116.0,,2330,8917,5538,313,247,17345,5538,17345
238,Elia Kuhnreich,Italy,Male,M30-34,04:44:36,61.0,61.0,12.0,00:29:13,44.0,43.0,7.0,02:32:33,93.0,91.0,11.0,01:36:09,71.0,70.0,17.0,00:3:48,93.0,83.0,12.0,00:2:52,240.0,215.0,26.0,FIN,04:34:46,121.0,117.0,,1753,9153,5769,228,172,17076,5769,17076
325,Fehd Bouab,Morocco,Male,M40-44,04:56:55,108.0,103.0,25.0,00:31:42,97.0,92.0,17.0,02:35:03,113.0,110.0,24.0,01:45:19,156.0,148.0,35.0,00:3:42,86.0,76.0,18.0,00:1:08,9.0,9.0,1.0,FIN,04:35:00,122.0,118.0,,1902,9303,6319,222,68,17815,6319,17815
67,Amine Talbi,Morocco,Male,M40-44,04:56:55,109.0,104.0,26.0,00:32:48,120.0,111.0,23.0,02:35:17,114.0,111.0,25.0,01:41:45,119.0,112.0,26.0,00:4:22,142.0,124.0,27.0,00:2:42,218.0,195.0,49.0,FIN,04:35:00,123.0,119.0,,1968,9317,6105,262,162,17815,6105,17815
524,Juan Callejas Moreno,Spain,Male,M35-39,04:49:40,84.0,81.0,12.0,00:32:21,111.0,103.0,13.0,02:30:16,75.0,75.0,9.0,01:38:43,92.0,89.0,15.0,00:4:21,139.0,121.0,17.0,00:3:59,363.0,319.0,44.0,FIN,04:35:11,124.0,120.0,,1941,9016,5923,261,239,17380,5923,17380
367,Driss Taifour,Morocco,Male,M40-44,04:57:25,110.0,105.0,27.0,00:34:58,191.0,174.0,34.0,02:38:55,145.0,138.0,32.0,01:36:37,75.0,73.0,16.0,00:4:31,158.0,137.0,30.0,00:2:23,174.0,155.0,38.0,FIN,04:35:28,125.0,121.0,,2098,9535,5797,271,143,17845,5797,17845
33,Didier Carrieu,France,Male,M55-59,05:21:38,194.0,179.0,9.0,00:29:53,63.0,61.0,3.0,02:36:02,118.0,115.0,8.0,02:09:08,334.0,299.0,14.0,00:4:25,149.0,130.0,11.0,00:2:11,124.0,107.0,7.0,FIN,04:35:28,126.0,122.0,,1793,9362,7748,265,131,19298,7748,19298
264,Jakub Atarsia,Czechia,Male,M35-39,04:51:56,94.0,89.0,13.0,00:28:14,23.0,23.0,3.0,02:33:24,101.0,98.0,15.0,01:42:28,126.0,119.0,19.0,00:5:00,205.0,180.0,21.0,00:2:51,238.0,213.0,28.0,FIN,04:37:20,127.0,123.0,,1694,9204,6148,300,171,17516,6148,17516
112,hamdouch hassna,Morocco,Female,F45-49,05:01:44,124.0,8.0,3.0,00:37:25,266.0,25.0,5.0,02:45:08,200.0,12.0,5.0,01:33:36,57.0,1.0,1.0,00:3:53,99.0,13.0,4.0,00:1:43,58.0,7.0,2.0,FIN,04:37:21,128.0,5.0,1.0,2245,9908,5616,233,103,18104,5616,18104
235,Chihab-Eddine Haoussi,Morocco,Male,M30-34,04:47:40,74.0,73.0,13.0,00:36:10,231.0,210.0,20.0,02:40:51,168.0,159.0,19.0,01:26:23,19.0,19.0,6.0,00:2:52,26.0,23.0,4.0,00:1:23,17.0,16.0,2.0,FIN,04:37:44,129.0,124.0,,2170,9651,5183,172,83,17260,5183,17260
124,Angelika Halberstadt,Germany,Female,F55-59,05:18:40,183.0,14.0,1.0,00:30:39,78.0,5.0,1.0,02:48:09,223.0,14.0,1.0,01:54:03,211.0,15.0,1.0,00:3:26,64.0,8.0,1.0,00:2:23,172.0,19.0,2.0,FIN,04:38:42,130.0,6.0,1.0,1839,10089,6843,206,143,19120,6843,19120
223,Rida Benzaouia,Morocco,Male,M30-34,04:49:43,86.0,83.0,14.0,00:41:59,362.0,320.0,40.0,02:34:46,110.0,107.0,13.0,01:26:30,20.0,20.0,7.0,00:4:14,130.0,112.0,17.0,00:2:13,132.0,115.0,17.0,FIN,04:39:43,131.0,125.0,,2519,9286,5190,254,133,17383,5190,17383
355,Loutaoui Moussa,France,Male,M40-44,05:02:08,126.0,118.0,28.0,00:34:22,167.0,154.0,25.0,02:32:24,91.0,89.0,19.0,01:46:57,168.0,158.0,38.0,00:5:47,272.0,242.0,49.0,00:2:38,208.0,185.0,45.0,FIN,04:39:50,132.0,126.0,,2062,9144,6417,347,158,18128,6417,18128
220,Arthur Barbey,France,Male,M30-34,04:49:57,87.0,84.0,15.0,00:37:16,262.0,239.0,26.0,02:39:16,149.0,142.0,16.0,01:26:31,21.0,21.0,8.0,00:4:34,166.0,145.0,21.0,00:2:19,155.0,138.0,18.0,FIN,04:39:56,133.0,127.0,,2236,9556,5191,274,139,17397,5191,17397
105,Fleur Nadal,France,Female,F40-44,04:57:37,111.0,6.0,1.0,00:35:02,194.0,19.0,3.0,02:40:34,166.0,9.0,2.0,01:37:18,81.0,3.0,1.0,00:3:12,50.0,7.0,1.0,00:1:31,32.0,3.0,2.0,FIN,04:40:32,134.0,7.0,1.0,2102,9634,5838,192,91,17857,5838,17857
405,Sébastien Lagoutte,France,Male,M50-54,05:17:37,177.0,165.0,16.0,00:28:44,33.0,33.0,4.0,02:31:38,88.0,86.0,11.0,02:11:34,347.0,310.0,27.0,00:3:46,89.0,79.0,9.0,00:1:55,85.0,76.0,6.0,FIN,04:40:33,135.0,128.0,,1724,9098,7894,226,115,19057,7894,19057
53,El Mahdi Maarouf,Morocco,Male,M45-49,05:12:32,160.0,151.0,17.0,00:28:50,35.0,35.0,2.0,02:40:05,159.0,151.0,24.0,01:57:30,245.0,225.0,27.0,00:4:47,183.0,161.0,18.0,00:1:19,11.0,11.0,1.0,FIN,04:40:35,136.0,129.0,,1730,9605,7050,287,79,18752,7050,18752
352,Mohamed Mettiji,Tunisia,Male,M40-44,05:03:05,131.0,123.0,29.0,00:25:11,6.0,6.0,2.0,02:39:25,151.0,144.0,35.0,01:50:42,188.0,176.0,42.0,00:5:30,249.0,221.0,47.0,00:2:16,143.0,126.0,29.0,FIN,04:40:42,137.0,130.0,,1511,9565,6642,330,136,18185,6642,18185
281,Oussama EL MAJIDI,Morocco,Male,M35-39,04:55:33,103.0,98.0,14.0,00:32:55,124.0,115.0,17.0,02:33:15,99.0,96.0,14.0,01:43:13,137.0,129.0,22.0,00:3:47,91.0,81.0,11.0,00:2:24,177.0,158.0,22.0,FIN,04:40:46,138.0,131.0,,1975,9195,6193,227,144,17733,6193,17733
419,Martin Staiger,Switzerland,Male,M45-49,05:13:03,163.0,153.0,18.0,00:33:09,129.0,120.0,18.0,02:34:05,104.0,101.0,14.0,01:58:05,249.0,229.0,28.0,00:5:11,221.0,194.0,26.0,00:2:33,194.0,172.0,22.0,FIN,04:41:03,139.0,132.0,,1989,9245,7085,311,153,18783,7085,18783
543,Omar Serhane,Morocco,Male,M40-44,05:03:30,132.0,124.0,30.0,00:39:12,306.0,274.0,51.0,02:34:28,106.0,103.0,22.0,01:42:32,127.0,120.0,28.0,00:4:59,203.0,178.0,40.0,00:2:19,156.0,139.0,30.0,FIN,04:41:06,140.0,133.0,,2352,9268,6152,299,139,18210,6152,18210
406,Diego Lazcano Saez,Spain,Male,M45-49,05:13:20,164.0,154.0,19.0,00:29:53,62.0,60.0,7.0,02:33:20,100.0,97.0,13.0,02:01:23,282.0,256.0,34.0,00:5:28,246.0,219.0,27.0,00:3:15,287.0,256.0,38.0,FIN,04:41:18,141.0,134.0,,1793,9200,7283,328,195,18800,7283,18800
480,Brahim Kaffaz,Morocco,Male,M55-59,05:28:29,225.0,208.0,10.0,00:37:19,263.0,240.0,16.0,02:48:40,225.0,211.0,12.0,01:55:23,222.0,205.0,8.0,00:3:55,101.0,88.0,5.0,00:3:13,282.0,253.0,13.0,FIN,04:41:20,142.0,135.0,,2239,10120,6923,235,193,19709,6923,19709
249,Dani Ortigosa Claveria,Spain,Male,M30-34,04:51:26,90.0,86.0,16.0,00:29:46,59.0,57.0,8.0,02:35:34,116.0,113.0,14.0,01:37:13,80.0,78.0,18.0,00:5:31,252.0,224.0,29.0,00:3:22,303.0,268.0,35.0,FIN,04:41:22,143.0,136.0,,1786,9334,5833,331,202,17486,5833,17486
539,CHAKIB KHASMANE,Morocco,Male,M40-44,05:03:49,133.0,125.0,31.0,00:41:41,357.0,317.0,61.0,02:36:30,123.0,120.0,27.0,01:39:06,95.0,91.0,21.0,00:4:31,159.0,138.0,31.0,00:2:01,100.0,86.0,18.0,FIN,04:41:23,144.0,137.0,,2501,9390,5946,271,121,18229,5946,18229
336,Abderrahim Elmekkaouy,Morocco,Male,M40-44,05:04:17,135.0,127.0,32.0,00:40:11,325.0,288.0,53.0,02:38:44,143.0,136.0,31.0,01:37:33,82.0,79.0,17.0,00:5:26,243.0,216.0,44.0,00:2:23,175.0,156.0,39.0,FIN,04:41:49,145.0,138.0,,2411,9524,5853,326,143,18257,5853,18257
123,Vanessa Vidal,France,Female,F50-54,05:13:26,165.0,11.0,3.0,00:32:09,107.0,8.0,3.0,02:39:50,156.0,8.0,3.0,01:56:41,234.0,20.0,4.0,00:2:50,20.0,3.0,1.0,00:1:56,87.0,10.0,2.0,FIN,04:42:35,146.0,8.0,1.0,1929,9590,7001,170,116,18806,7001,18806
453,Chris Murray,Ireland,Male,M50-54,05:19:59,186.0,172.0,17.0,00:35:44,217.0,197.0,24.0,02:38:24,137.0,131.0,14.0,01:57:47,247.0,227.0,21.0,00:4:49,188.0,164.0,16.0,00:3:14,285.0,254.0,30.0,FIN,04:42:38,147.0,139.0,,2144,9504,7067,289,194,19199,7067,19199
204,othmane moustarihe,Morocco,Male,M25-29,04:45:04,65.0,65.0,8.0,00:33:27,138.0,128.0,13.0,02:36:44,127.0,123.0,10.0,01:30:07,33.0,33.0,6.0,00:3:09,39.0,35.0,5.0,00:1:37,44.0,40.0,8.0,FIN,04:43:02,148.0,140.0,,2007,9404,5407,189,97,17104,5407,17104
560,Martin Hummer,Germany,Male,M55-59,05:30:52,234.0,217.0,11.0,00:32:45,117.0,108.0,6.0,02:50:46,241.0,224.0,14.0,01:59:00,259.0,237.0,9.0,00:4:39,172.0,150.0,12.0,00:3:42,342.0,300.0,16.0,FIN,04:43:23,149.0,141.0,,1965,10246,7140,279,222,19852,7140,19852
458,Pierre Jean Rembert,France,Male,M50-54,05:20:55,191.0,176.0,18.0,00:30:45,79.0,74.0,8.0,02:39:04,147.0,140.0,16.0,02:06:12,319.0,286.0,25.0,00:3:10,40.0,36.0,4.0,00:1:44,59.0,52.0,3.0,FIN,04:43:27,150.0,142.0,,1845,9544,7572,190,104,19255,7572,19255
322,Abdelaali Beyelhadj,Morocco,Male,M40-44,05:06:15,142.0,134.0,33.0,00:34:51,184.0,169.0,32.0,02:38:18,136.0,130.0,30.0,01:45:19,157.0,149.0,36.0,00:5:26,244.0,217.0,45.0,00:2:21,164.0,147.0,33.0,FIN,04:43:38,151.0,143.0,,2091,9498,6319,326,141,18375,6319,18375
13,Perrine Olivier,France,Female,F40-44,05:01:14,121.0,7.0,2.0,00:34:55,187.0,16.0,2.0,02:38:09,133.0,5.0,1.0,01:43:11,136.0,8.0,2.0,00:3:29,68.0,9.0,2.0,00:1:30,28.0,2.0,1.0,FIN,04:43:56,152.0,9.0,1.0,2095,9489,6191,209,90,18074,6191,18074
335,AHMED ELAAZZI,Morocco,Male,M40-44,05:07:11,145.0,137.0,34.0,00:31:47,99.0,94.0,18.0,02:45:47,207.0,194.0,44.0,01:42:32,128.0,121.0,29.0,00:5:35,257.0,229.0,48.0,00:1:31,35.0,32.0,5.0,FIN,04:44:30,153.0,144.0,,1907,9947,6152,335,91,18431,6152,18431
161,Jules Rey,France,Male,M18-24,04:44:49,63.0,63.0,10.0,00:31:08,83.0,78.0,12.0,02:22:27,34.0,34.0,8.0,01:46:02,164.0,156.0,15.0,00:3:14,54.0,47.0,8.0,00:1:58,92.0,81.0,11.0,FIN,04:44:49,154.0,145.0,,1868,8547,6362,194,118,17089,6362,17089
291,Anass Jarane,Morocco,Male,M35-39,05:00:26,116.0,110.0,15.0,00:35:18,206.0,186.0,27.0,02:45:49,208.0,195.0,29.0,01:32:49,53.0,53.0,10.0,00:4:44,178.0,156.0,18.0,00:1:45,63.0,56.0,9.0,FIN,04:45:24,155.0,146.0,,2118,9949,5569,284,105,18026,5569,18026
309,Guillaume Toumasou,France,Male,M35-39,05:00:38,117.0,111.0,16.0,00:30:26,75.0,71.0,9.0,02:38:35,140.0,134.0,21.0,01:44:18,145.0,137.0,24.0,00:5:02,207.0,182.0,22.0,00:2:17,147.0,130.0,16.0,FIN,04:45:36,156.0,147.0,,1826,9515,6258,302,137,18038,6258,18038
527,EJEGHAOUI HAMZA,Morocco,Male,M35-39,05:00:52,119.0,113.0,17.0,00:28:28,30.0,30.0,5.0,02:42:41,180.0,170.0,24.0,01:45:29,158.0,150.0,26.0,00:3:10,43.0,38.0,6.0,00:1:06,6.0,6.0,1.0,FIN,04:45:49,157.0,148.0,,1708,9761,6329,190,66,18052,6329,18052
359,Mehdi Idrissi Qaitouni,Morocco,Male,M40-44,05:08:47,149.0,141.0,35.0,00:41:59,363.0,321.0,62.0,02:35:01,112.0,109.0,23.0,01:43:08,134.0,127.0,30.0,00:6:06,301.0,268.0,53.0,00:2:33,197.0,174.0,42.0,FIN,04:45:59,158.0,149.0,,2519,9301,6188,366,153,18527,6188,18527
89,Ophélie Decouvreur,Belgium,Female,F30-34,04:51:28,91.0,5.0,1.0,00:32:08,105.0,7.0,2.0,02:32:41,94.0,3.0,1.0,01:38:58,93.0,4.0,1.0,00:4:06,119.0,17.0,2.0,00:3:35,330.0,40.0,5.0,FIN,04:46:27,159.0,10.0,1.0,1928,9161,5938,246,215,17488,5938,17488
71,Samir Errachidi,Morocco,Male,M45-49,05:19:04,184.0,170.0,20.0,00:37:27,267.0,242.0,37.0,02:35:24,115.0,112.0,17.0,01:58:16,251.0,231.0,29.0,00:4:21,138.0,120.0,12.0,00:3:36,331.0,291.0,45.0,FIN,04:46:27,160.0,150.0,,2247,9324,7096,261,216,19144,7096,19144
232,FAHD GNAOUI,Morocco,Male,M30-34,04:56:53,107.0,102.0,17.0,00:33:19,135.0,126.0,13.0,02:40:39,167.0,158.0,18.0,01:37:34,83.0,80.0,19.0,00:3:14,55.0,48.0,6.0,00:2:07,116.0,100.0,14.0,FIN,04:46:38,161.0,151.0,,1999,9639,5854,194,127,17813,5854,17813
117,Michaela Wolf,Austria,Female,F45-49,05:12:16,159.0,9.0,4.0,00:37:45,277.0,27.0,6.0,02:42:24,177.0,10.0,3.0,01:46:29,167.0,10.0,4.0,00:3:10,44.0,6.0,2.0,00:2:28,182.0,20.0,4.0,FIN,04:47:02,162.0,11.0,1.0,2265,9744,6389,190,148,18736,6389,18736
279,Abdelali ECH CHAOUI,Morocco,Male,M35-39,05:02:36,127.0,119.0,18.0,00:40:01,322.0,285.0,37.0,02:42:48,185.0,175.0,26.0,01:32:13,47.0,47.0,8.0,00:5:13,226.0,199.0,28.0,00:2:21,163.0,146.0,21.0,FIN,04:47:28,163.0,152.0,,2401,9768,5533,313,141,18156,5533,18156
500,Norbert Schiewe,Germany,Male,M65-69,06:16:34,370.0,335.0,5.0,00:38:32,293.0,264.0,3.0,03:01:59,324.0,298.0,5.0,02:28:12,413.0,362.0,5.0,00:4:34,167.0,146.0,3.0,00:3:16,288.0,257.0,3.0,FIN,04:47:41,164.0,153.0,,2312,10919,8892,274,196,22594,8892,22594
483,André Widmer,Switzerland,Male,M55-59,05:36:27,250.0,231.0,12.0,00:36:09,230.0,209.0,12.0,02:43:37,193.0,183.0,10.0,02:10:22,343.0,306.0,15.0,00:5:17,232.0,205.0,16.0,00:1:02,3.0,3.0,1.0,FIN,04:48:10,165.0,154.0,,2169,9817,7822,317,62,20187,7822,20187
430,Mustapha Benrhamous,Morocco,Male,M50-54,05:26:36,217.0,200.0,19.0,00:37:57,284.0,256.0,32.0,02:42:45,181.0,171.0,19.0,01:57:27,244.0,224.0,20.0,00:5:42,268.0,239.0,26.0,00:2:45,224.0,201.0,19.0,FIN,04:48:29,166.0,155.0,,2277,9765,7047,342,165,19596,7047,19596
448,Branislav Kusik,Slovakia,Male,M50-54,05:26:58,219.0,202.0,20.0,00:33:19,134.0,125.0,17.0,02:40:15,162.0,154.0,18.0,02:05:21,314.0,282.0,23.0,00:4:56,198.0,174.0,19.0,00:3:07,265.0,239.0,25.0,FIN,04:48:48,167.0,156.0,,1999,9615,7521,296,187,19618,7521,19618
385,Yannick Boissy,Morocco,Male,M45-49,05:22:23,200.0,184.0,21.0,00:32:53,122.0,113.0,17.0,02:34:55,111.0,108.0,16.0,02:07:36,327.0,293.0,37.0,00:4:44,176.0,154.0,17.0,00:2:17,145.0,128.0,18.0,FIN,04:49:26,168.0,157.0,,1973,9295,7656,284,137,19343,7656,19343
122,Carla Porcu,Italy,Female,F50-54,05:21:49,195.0,16.0,4.0,00:30:20,73.0,4.0,2.0,02:51:01,243.0,18.0,4.0,01:54:05,212.0,16.0,3.0,00:4:24,148.0,19.0,4.0,00:2:00,94.0,13.0,4.0,FIN,04:50:08,169.0,12.0,1.0,1820,10261,6845,264,120,19309,6845,19309
535,Mohamed Elkhou,Morocco,Male,M40-44,05:14:03,167.0,156.0,36.0,00:34:57,189.0,172.0,33.0,02:42:46,183.0,173.0,42.0,01:44:54,150.0,142.0,33.0,00:7:09,365.0,320.0,64.0,00:4:17,384.0,338.0,68.0,FIN,04:50:52,170.0,158.0,,2097,9766,6294,429,257,18843,6294,18843
457,Jerome Reboul,France,Male,M50-54,05:29:59,230.0,213.0,21.0,00:35:33,213.0,193.0,23.0,02:59:45,312.0,287.0,29.0,01:40:42,111.0,104.0,8.0,00:9:30,440.0,384.0,42.0,00:4:30,398.0,349.0,35.0,FIN,04:51:28,171.0,159.0,,2133,10785,6042,570,270,19799,6042,19799
52,Charif El Maifi,Morocco,Male,M45-49,05:24:41,203.0,187.0,22.0,00:36:04,227.0,206.0,31.0,02:41:10,170.0,161.0,26.0,02:00:31,273.0,249.0,33.0,00:5:01,206.0,181.0,22.0,00:1:56,88.0,78.0,10.0,FIN,04:51:30,172.0,160.0,,2164,9670,7231,301,116,19481,7231,19481
253,reda salih,Morocco,Male,M30-34,05:03:00,129.0,121.0,18.0,00:37:06,257.0,234.0,23.0,02:44:15,195.0,184.0,21.0,01:31:41,45.0,45.0,12.0,00:5:55,288.0,255.0,31.0,00:4:02,366.0,321.0,42.0,FIN,04:52:32,173.0,161.0,,2226,9855,5501,355,242,18180,5501,18180
382,SYLVAIN BERGERON,Canada,Male,M45-49,05:25:54,210.0,193.0,23.0,00:41:54,360.0,319.0,46.0,02:46:13,209.0,196.0,29.0,01:49:34,184.0,173.0,17.0,00:5:07,216.0,190.0,24.0,00:3:06,263.0,237.0,34.0,FIN,04:52:35,174.0,162.0,,2514,9973,6574,307,186,19554,6574,19554
332,Salim El Kateb,Morocco,Male,M40-44,05:15:56,170.0,158.0,37.0,00:34:19,161.0,148.0,24.0,02:52:15,251.0,232.0,51.0,01:42:26,125.0,118.0,27.0,00:4:12,126.0,109.0,24.0,00:2:43,219.0,196.0,50.0,FIN,04:52:37,175.0,163.0,,2059,10335,6146,252,163,18956,6146,18956
274,Cédric LOMBARD,France,Male,M35-39,05:09:15,150.0,142.0,19.0,00:37:51,281.0,254.0,33.0,02:42:45,182.0,172.0,25.0,01:40:46,112.0,105.0,17.0,00:5:47,273.0,243.0,34.0,00:2:05,109.0,94.0,12.0,FIN,04:53:47,176.0,164.0,,2271,9765,6046,347,125,18555,6046,18555
311,Hicham El Mejdoubi,Morocco,Male,M40-44,05:17:43,178.0,166.0,38.0,00:41:39,355.0,315.0,60.0,02:39:19,150.0,143.0,34.0,01:48:40,178.0,167.0,41.0,00:5:50,279.0,249.0,50.0,00:2:14,133.0,116.0,24.0,FIN,04:54:16,177.0,165.0,,2499,9559,6520,350,134,19063,6520,19063
51,Mohammed Bourhim,Morocco,Male,M40-44,05:17:46,179.0,167.0,39.0,00:34:46,179.0,165.0,30.0,02:41:59,173.0,164.0,40.0,01:52:38,202.0,189.0,45.0,00:4:57,201.0,177.0,39.0,00:3:26,313.0,275.0,61.0,FIN,04:54:18,178.0,166.0,,2086,9719,6758,297,206,19066,6758,19066
116,Lucie Salle,France,Female,F45-49,05:20:20,188.0,15.0,5.0,00:36:43,245.0,22.0,3.0,02:44:02,194.0,11.0,4.0,01:53:07,208.0,14.0,5.0,00:3:57,104.0,14.0,5.0,00:2:32,192.0,22.0,5.0,FIN,04:54:27,179.0,13.0,1.0,2203,9842,6787,237,152,19220,6787,19220
316,Mouad Bakanech,Morocco,Male,M40-44,05:18:29,182.0,169.0,40.0,00:34:45,178.0,164.0,29.0,02:40:29,164.0,156.0,38.0,01:56:56,237.0,217.0,52.0,00:4:23,144.0,126.0,28.0,00:1:57,89.0,79.0,15.0,FIN,04:54:58,180.0,167.0,,2085,9629,7016,263,117,19109,7016,19109
295,Oleksandr Korchagin,Portugal,Male,M35-39,05:10:38,153.0,145.0,20.0,00:41:41,358.0,318.0,43.0,02:37:39,131.0,127.0,19.0,01:46:13,166.0,157.0,28.0,00:2:53,27.0,24.0,4.0,00:2:12,127.0,110.0,13.0,FIN,04:55:06,181.0,168.0,,2501,9459,6373,173,132,18638,6373,18638
299,Youssef Naimi,Morocco,Male,M35-39,05:10:45,154.0,146.0,21.0,00:43:24,388.0,346.0,46.0,02:33:13,98.0,95.0,13.0,01:42:08,122.0,115.0,18.0,00:8:15,416.0,366.0,55.0,00:3:45,348.0,305.0,42.0,FIN,04:55:12,182.0,169.0,,2604,9193,6128,495,225,18645,6128,18645
283,Rachid El Hadi,Morocco,Male,M35-39,05:11:09,155.0,147.0,22.0,00:41:35,354.0,314.0,42.0,02:43:31,192.0,182.0,27.0,01:34:22,63.0,62.0,12.0,00:7:34,383.0,336.0,49.0,00:4:08,374.0,328.0,47.0,FIN,04:55:35,183.0,170.0,,2495,9811,5662,454,248,18669,5662,18669
399,Ahmed Errahili,Morocco,Male,M45-49,05:30:07,231.0,214.0,24.0,00:45:07,407.0,361.0,54.0,02:34:32,108.0,105.0,15.0,01:58:38,255.0,233.0,31.0,00:6:32,328.0,290.0,43.0,00:5:18,425.0,375.0,55.0,FIN,04:56:22,184.0,171.0,,2707,9272,7118,392,318,19807,7118,19807
544,Taoufik Argui,Morocco,Male,M45-49,05:30:36,233.0,216.0,25.0,00:36:28,238.0,217.0,32.0,02:53:37,266.0,246.0,34.0,01:51:36,195.0,183.0,20.0,00:5:50,280.0,250.0,32.0,00:3:05,261.0,236.0,33.0,FIN,04:56:48,185.0,172.0,,2188,10417,6696,350,185,19836,6696,19836
531,Mounir Akhatar,Morocco,Male,M40-44,05:20:28,189.0,174.0,41.0,00:30:00,66.0,64.0,12.0,02:47:46,221.0,208.0,46.0,01:56:40,233.0,214.0,51.0,00:4:09,122.0,105.0,23.0,00:1:53,76.0,68.0,13.0,FIN,04:56:48,186.0,173.0,,1800,10066,7000,249,113,19228,7000,19228
372,Mandour Younes,Morocco,Male,M40-44,05:20:52,190.0,175.0,42.0,00:36:08,229.0,208.0,39.0,02:39:46,154.0,147.0,37.0,01:58:04,248.0,228.0,54.0,00:4:44,175.0,153.0,33.0,00:2:10,121.0,105.0,22.0,FIN,04:57:11,187.0,174.0,,2168,9586,7084,284,130,19252,7084,19252
566,najib smali,Morocco,Male,M50-54,05:36:29,251.0,232.0,22.0,00:33:31,141.0,131.0,18.0,02:56:36,288.0,265.0,28.0,01:56:41,235.0,215.0,18.0,00:7:07,363.0,318.0,35.0,00:2:34,198.0,175.0,14.0,FIN,04:57:12,188.0,175.0,,2011,10596,7001,427,154,20189,7001,20189
357,Sergey Pavlyuchenko,,Male,M40-44,05:21:00,193.0,178.0,43.0,00:38:10,288.0,259.0,48.0,02:40:33,165.0,157.0,39.0,01:55:15,220.0,203.0,46.0,00:4:46,180.0,158.0,36.0,00:2:15,135.0,118.0,26.0,FIN,04:57:18,189.0,176.0,,2290,9633,6915,286,135,19260,6915,19260
201,Saad Lozzi,Morocco,Male,M25-29,04:59:47,113.0,107.0,9.0,00:38:22,291.0,262.0,26.0,02:34:38,109.0,106.0,9.0,01:39:05,94.0,90.0,10.0,00:5:39,264.0,236.0,26.0,00:2:03,103.0,88.0,11.0,FIN,04:57:39,190.0,177.0,,2302,9278,5945,339,123,17987,5945,17987
47,Yassine El Amrani,Morocco,Male,M35-39,05:13:39,166.0,155.0,23.0,00:40:18,329.0,291.0,38.0,02:46:40,213.0,200.0,30.0,01:38:05,89.0,86.0,14.0,00:5:04,210.0,185.0,23.0,00:3:32,320.0,281.0,38.0,FIN,04:57:58,191.0,178.0,,2418,10000,5885,304,212,18819,5885,18819
11,YOUSSEF AMENZIZ,Morocco,Male,M45-49,05:32:02,236.0,219.0,26.0,00:35:19,207.0,187.0,26.0,02:37:01,128.0,124.0,19.0,02:12:00,351.0,314.0,43.0,00:5:40,265.0,237.0,31.0,00:2:02,102.0,87.0,12.0,FIN,04:58:05,192.0,179.0,,2119,9421,7920,340,122,19922,7920,19922
362,HMINA SAAD,Morocco,Male,M40-44,05:22:00,197.0,181.0,44.0,00:34:23,168.0,155.0,26.0,02:57:05,290.0,267.0,57.0,01:44:01,142.0,134.0,32.0,00:4:17,133.0,115.0,26.0,00:2:14,134.0,117.0,25.0,FIN,04:58:14,193.0,180.0,,2063,10625,6241,257,134,19320,6241,19320
491,John Easum,France,Male,M60-64,06:04:13,337.0,307.0,11.0,00:32:50,121.0,112.0,4.0,02:59:08,307.0,282.0,12.0,02:21:22,392.0,346.0,12.0,00:5:39,263.0,235.0,9.0,00:5:13,424.0,374.0,14.0,FIN,04:58:21,194.0,181.0,,1970,10748,8482,339,313,21853,8482,21853
345,Hossein Laraki,Morocco,Male,M40-44,05:22:26,201.0,185.0,45.0,00:34:31,170.0,157.0,27.0,02:43:16,188.0,178.0,43.0,01:56:29,228.0,211.0,50.0,00:5:27,245.0,218.0,46.0,00:2:44,221.0,198.0,52.0,FIN,04:58:38,195.0,182.0,,2071,9796,6989,327,164,19346,6989,19346
562,Stephane Orsonneau,France,Male,M55-59,05:48:58,284.0,261.0,13.0,00:37:41,275.0,249.0,17.0,02:48:01,222.0,209.0,11.0,02:15:17,368.0,329.0,19.0,00:4:48,186.0,163.0,13.0,00:3:11,276.0,248.0,12.0,FIN,04:58:53,196.0,183.0,,2261,10081,8117,288,191,20938,8117,20938
277,Javier Cuadrado Lopez,Spain,Male,M35-39,05:14:49,168.0,157.0,24.0,00:37:06,256.0,233.0,32.0,02:47:01,219.0,206.0,32.0,01:43:10,135.0,128.0,21.0,00:5:12,222.0,195.0,26.0,00:2:20,158.0,141.0,19.0,FIN,04:59:04,197.0,184.0,,2226,10021,6190,312,140,18889,6190,18889
510,Ayoub ahlafi,Morocco,Male,M30-34,05:09:49,152.0,144.0,19.0,00:35:10,198.0,179.0,18.0,02:45:45,204.0,192.0,24.0,01:41:39,118.0,111.0,22.0,00:5:20,236.0,209.0,26.0,00:1:55,86.0,77.0,10.0,FIN,04:59:07,198.0,185.0,,2110,9945,6099,320,115,18589,6099,18589
55,Fouad Okba,Morocco,Male,M55-59,05:49:24,288.0,265.0,14.0,00:36:32,240.0,219.0,13.0,02:49:34,232.0,217.0,13.0,02:14:26,363.0,324.0,18.0,00:5:14,227.0,200.0,15.0,00:3:38,337.0,295.0,15.0,FIN,04:59:15,199.0,186.0,,2192,10174,8066,314,218,20964,8066,20964
44,Marwane Benakki,Morocco,Male,M25-29,05:01:36,123.0,116.0,10.0,00:37:13,259.0,236.0,24.0,02:45:02,199.0,188.0,15.0,01:32:22,50.0,50.0,8.0,00:4:54,193.0,169.0,17.0,00:2:04,105.0,90.0,12.0,FIN,04:59:27,200.0,187.0,,2233,9902,5542,294,124,18096,5542,18096
551,Bouchaib Tabit,Morocco,Male,M45-49,05:33:37,239.0,222.0,27.0,00:36:54,248.0,225.0,34.0,02:51:55,250.0,231.0,31.0,01:54:55,218.0,201.0,23.0,00:5:35,256.0,228.0,29.0,00:4:19,388.0,342.0,52.0,FIN,04:59:31,201.0,188.0,,2214,10315,6895,335,259,20017,6895,20017
118,Albos Valerie,France,Female,F55-59,05:43:26,268.0,22.0,2.0,00:46:58,431.0,54.0,4.0,02:52:28,252.0,20.0,2.0,01:56:39,232.0,19.0,2.0,00:4:59,202.0,25.0,2.0,00:2:22,167.0,18.0,1.0,FIN,05:00:22,202.0,14.0,1.0,2818,10348,6999,299,142,20606,6999,20606
516,El mehdi El fakir,Morocco,Male,M30-34,05:11:09,156.0,148.0,20.0,00:37:27,268.0,243.0,27.0,02:45:09,201.0,189.0,23.0,01:42:08,123.0,116.0,23.0,00:4:01,108.0,93.0,14.0,00:2:24,178.0,159.0,19.0,FIN,05:00:24,203.0,189.0,,2247,9909,6128,241,144,18669,6128,18669
492,Mark Lingard,United Kingdom,Male,M60-64,06:06:48,341.0,310.0,12.0,00:38:03,287.0,258.0,13.0,02:48:48,226.0,212.0,11.0,02:30:54,419.0,366.0,13.0,00:5:30,247.0,220.0,8.0,00:3:34,328.0,289.0,9.0,FIN,05:00:28,204.0,190.0,,2283,10128,9054,330,214,22008,9054,22008
525,Mohamed Amine Diki,Morocco,Male,M35-39,05:16:31,172.0,160.0,25.0,00:39:05,304.0,272.0,36.0,02:36:25,120.0,117.0,17.0,01:53:03,207.0,194.0,33.0,00:5:39,262.0,234.0,32.0,00:2:19,152.0,135.0,18.0,FIN,05:00:41,205.0,191.0,,2345,9385,6783,339,139,18991,6783,18991
369,Abdelylah Tounsi,Morocco,Male,M40-44,05:24:45,206.0,189.0,46.0,00:37:30,270.0,245.0,44.0,02:49:46,233.0,218.0,49.0,01:51:00,189.0,177.0,43.0,00:4:14,129.0,111.0,25.0,00:2:16,140.0,123.0,28.0,FIN,05:00:47,206.0,192.0,,2250,10186,6660,254,136,19485,6660,19485
511,Sultan Alkholaifi,Qatar,Male,M30-34,05:11:52,158.0,150.0,21.0,00:37:02,254.0,231.0,22.0,02:49:47,234.0,219.0,26.0,01:35:56,70.0,69.0,16.0,00:6:09,304.0,270.0,33.0,00:2:59,250.0,225.0,27.0,FIN,05:01:06,207.0,193.0,,2222,10187,5756,369,179,18712,5756,18712
310,Ahmed reda Touzani,Morocco,Male,M35-39,05:17:07,173.0,161.0,26.0,00:32:28,113.0,105.0,15.0,02:45:43,203.0,191.0,28.0,01:49:24,182.0,171.0,29.0,00:5:05,211.0,186.0,24.0,00:4:26,394.0,346.0,51.0,FIN,05:01:15,208.0,194.0,,1948,9943,6564,305,266,19027,6564,19027
288,Mohamed Hasbaoui,Morocco,Male,M35-39,05:17:11,174.0,162.0,27.0,00:45:09,409.0,362.0,47.0,02:38:43,142.0,135.0,22.0,01:45:10,152.0,144.0,25.0,00:5:22,237.0,210.0,29.0,00:2:47,228.0,205.0,26.0,FIN,05:01:19,209.0,195.0,,2709,9523,6310,322,167,19031,6310,19031
324,Tim Bookelman,Netherlands,Male,M40-44,05:25:22,207.0,190.0,47.0,00:34:38,175.0,161.0,28.0,02:38:15,134.0,129.0,29.0,02:04:44,308.0,278.0,63.0,00:5:08,219.0,192.0,41.0,00:2:38,207.0,184.0,44.0,FIN,05:01:21,210.0,196.0,,2078,9495,7484,308,158,19522,7484,19522
470,Patrice Deliers,France,Male,M55-59,05:51:55,296.0,272.0,15.0,00:37:02,253.0,230.0,15.0,02:53:32,264.0,244.0,15.0,02:11:42,349.0,312.0,16.0,00:5:23,239.0,212.0,17.0,00:4:15,382.0,336.0,19.0,FIN,05:01:24,211.0,197.0,,2222,10412,7902,323,255,21115,7902,21115
159,Sodki Nabil,Morocco,Male,M18-24,05:01:25,122.0,115.0,11.0,00:34:50,183.0,168.0,17.0,02:48:59,229.0,214.0,15.0,01:32:36,51.0,51.0,9.0,00:3:30,74.0,65.0,11.0,00:1:31,34.0,31.0,5.0,FIN,05:01:25,212.0,198.0,,2090,10139,5556,210,91,18085,5556,18085
293,SOUFIANE KEBDANI,Morocco,Male,M35-39,05:17:30,176.0,164.0,28.0,00:34:54,185.0,170.0,23.0,02:41:28,172.0,163.0,23.0,01:52:31,200.0,187.0,31.0,00:6:17,310.0,274.0,40.0,00:2:20,159.0,142.0,20.0,FIN,05:01:37,213.0,199.0,,2094,9688,6751,377,140,19050,6751,19050
361,Anton Rozhkov,,Male,M40-44,05:25:40,209.0,192.0,48.0,00:37:40,274.0,248.0,46.0,02:42:40,179.0,169.0,41.0,01:58:08,250.0,230.0,55.0,00:4:43,174.0,152.0,32.0,00:2:29,184.0,164.0,40.0,FIN,05:01:37,214.0,200.0,,2260,9760,7088,283,149,19540,7088,19540
366,Omar Tahiri,Morocco,Male,M40-44,05:25:59,211.0,194.0,49.0,00:41:25,350.0,310.0,59.0,02:57:30,293.0,270.0,58.0,01:37:41,84.0,81.0,18.0,00:6:51,343.0,302.0,61.0,00:2:33,196.0,173.0,41.0,FIN,05:01:55,215.0,201.0,,2485,10650,5861,411,153,19559,5861,19559
421,Benoit Vaillant,France,Male,M45-49,05:36:18,248.0,230.0,28.0,00:32:17,109.0,101.0,14.0,02:42:36,178.0,168.0,28.0,02:11:33,346.0,309.0,42.0,00:6:20,315.0,279.0,41.0,00:3:32,321.0,282.0,43.0,FIN,05:01:55,216.0,202.0,,1937,9756,7893,380,212,20178,7893,20178
179,Paul Birling,France,Male,M25-29,05:04:10,134.0,126.0,11.0,00:34:08,159.0,146.0,17.0,02:42:14,175.0,166.0,12.0,01:40:06,107.0,100.0,11.0,00:5:16,230.0,203.0,21.0,00:2:26,180.0,161.0,20.0,FIN,05:02:00,217.0,203.0,,2048,9734,6006,316,146,18250,6006,18250
217,Ghassane Amchyaa,France,Male,M30-34,05:12:53,162.0,152.0,22.0,00:39:02,301.0,271.0,30.0,02:40:12,161.0,153.0,17.0,01:47:41,174.0,164.0,28.0,00:3:25,62.0,55.0,7.0,00:2:33,193.0,171.0,21.0,FIN,05:02:05,218.0,204.0,,2342,9612,6461,205,153,18773,6461,18773
100,Kay Smith,Ireland,Female,F35-39,05:12:52,161.0,10.0,1.0,00:37:37,273.0,26.0,4.0,02:38:36,141.0,7.0,1.0,01:50:22,186.0,12.0,2.0,00:4:06,118.0,16.0,2.0,00:2:11,123.0,17.0,2.0,FIN,05:02:09,219.0,15.0,1.0,2257,9516,6622,246,131,18772,6622,18772
388,Jérémie Brassaud,France,Male,M45-49,05:37:04,254.0,235.0,29.0,00:42:21,372.0,330.0,48.0,02:52:45,258.0,238.0,32.0,01:53:31,209.0,195.0,22.0,00:6:19,313.0,277.0,40.0,00:2:08,118.0,102.0,14.0,FIN,05:02:37,220.0,205.0,,2541,10365,6811,379,128,20224,6811,20224
353,Zakariaa Mhaidir,Morocco,Male,M40-44,05:26:55,218.0,201.0,50.0,00:37:30,271.0,246.0,45.0,02:46:46,216.0,203.0,45.0,01:56:02,226.0,209.0,49.0,00:3:56,102.0,89.0,19.0,00:2:41,216.0,193.0,48.0,FIN,05:02:47,221.0,206.0,,2250,10006,6962,236,161,19615,6962,19615
50,Achraf OULAD ABDESLAM,Morocco,Male,M35-39,05:19:14,185.0,171.0,29.0,00:35:18,205.0,185.0,26.0,02:35:42,117.0,114.0,16.0,02:00:51,276.0,251.0,42.0,00:4:50,189.0,165.0,20.0,00:2:32,191.0,170.0,23.0,FIN,05:03:16,222.0,207.0,,2118,9342,7251,290,152,19154,7251,19154
390,Wesley Burke,Ireland,Male,M45-49,05:37:55,255.0,236.0,30.0,00:35:44,218.0,198.0,28.0,02:37:17,129.0,125.0,20.0,02:15:14,367.0,328.0,46.0,00:6:28,324.0,287.0,42.0,00:3:12,279.0,250.0,36.0,FIN,05:03:22,223.0,208.0,,2144,9437,8114,388,192,20275,8114,20275
464,Karim Zourakhti,Belgium,Male,M50-54,05:45:23,276.0,254.0,23.0,00:35:56,222.0,202.0,26.0,02:46:36,212.0,199.0,22.0,02:14:08,361.0,322.0,30.0,00:5:33,254.0,226.0,24.0,00:3:10,270.0,244.0,26.0,FIN,05:05:04,224.0,209.0,,2156,9996,8048,333,190,20723,8048,20723
559,Mhamed Boucheikh,Morocco,Male,M55-59,05:56:45,316.0,288.0,16.0,00:41:10,349.0,309.0,21.0,03:01:33,322.0,296.0,17.0,02:03:16,296.0,269.0,10.0,00:5:07,217.0,191.0,14.0,00:5:40,432.0,382.0,23.0,FIN,05:05:33,225.0,210.0,,2470,10893,7396,307,340,21405,7396,21405
397,Mohamed ali elabbassi,Morocco,Male,M45-49,05:40:24,260.0,241.0,31.0,00:37:15,261.0,238.0,36.0,03:05:00,340.0,310.0,46.0,01:50:34,187.0,175.0,19.0,00:4:55,195.0,171.0,20.0,00:2:40,212.0,189.0,24.0,FIN,05:05:36,226.0,211.0,,2235,11100,6634,295,160,20424,6634,20424
528,Nicolas Léger,France,Male,M35-39,05:22:09,199.0,183.0,30.0,00:40:55,344.0,305.0,40.0,02:47:00,218.0,205.0,31.0,01:43:38,141.0,133.0,23.0,00:6:58,352.0,309.0,46.0,00:3:38,336.0,294.0,41.0,FIN,05:06:02,227.0,212.0,,2455,10020,6218,418,218,19329,6218,19329
132,Jessica Harvey,United Kingdom,Female,F40-44,05:24:44,205.0,17.0,3.0,00:32:34,116.0,9.0,1.0,02:50:05,235.0,16.0,3.0,01:56:37,231.0,18.0,3.0,00:3:37,81.0,10.0,3.0,00:1:51,71.0,8.0,3.0,FIN,05:06:05,228.0,16.0,1.0,1954,10205,6997,217,111,19484,6997,19484
158,Joey Moynihan,Ireland,Male,M18-24,05:06:08,141.0,133.0,12.0,00:29:31,52.0,51.0,7.0,02:46:30,211.0,198.0,13.0,01:43:35,140.0,132.0,13.0,00:4:28,155.0,134.0,14.0,00:2:05,108.0,93.0,12.0,FIN,05:06:08,229.0,213.0,,1771,9990,6215,268,125,18368,6215,18368
225,David Bueno Diez,Spain,Male,M30-34,05:17:14,175.0,163.0,23.0,00:37:14,260.0,237.0,25.0,02:52:39,256.0,236.0,30.0,01:39:07,96.0,92.0,21.0,00:5:31,251.0,223.0,28.0,00:2:45,222.0,199.0,25.0,FIN,05:06:17,230.0,214.0,,2234,10359,5947,331,165,19034,5947,19034
404,William Icard,France,Male,M45-49,05:41:24,264.0,244.0,32.0,00:29:21,46.0,45.0,5.0,02:39:54,157.0,149.0,23.0,02:24:47,402.0,354.0,51.0,00:3:53,97.0,85.0,8.0,00:3:29,316.0,278.0,41.0,FIN,05:06:30,231.0,215.0,,1761,9594,8687,233,209,20484,8687,20484
165,Tanguy scyeur,Belgium,Male,M18-24,05:06:35,143.0,135.0,13.0,00:34:17,160.0,147.0,14.0,02:44:36,198.0,187.0,12.0,01:39:44,105.0,99.0,10.0,00:4:02,112.0,97.0,12.0,00:3:56,359.0,315.0,20.0,FIN,05:06:35,232.0,216.0,,2057,9876,5984,242,236,18395,5984,18395
49,Anass Mardi,Morocco,Male,M35-39,05:22:59,202.0,186.0,31.0,00:35:14,202.0,182.0,25.0,02:36:26,121.0,118.0,18.0,02:03:51,301.0,273.0,46.0,00:4:47,184.0,162.0,19.0,00:2:41,215.0,192.0,25.0,FIN,05:06:50,233.0,217.0,,2114,9386,7431,287,161,19379,7431,19379
157,Archie Keogh,United Kingdom,Male,M18-24,05:07:22,146.0,138.0,14.0,00:34:37,174.0,160.0,16.0,02:39:46,155.0,148.0,11.0,01:45:30,159.0,151.0,14.0,00:5:12,224.0,197.0,16.0,00:2:16,144.0,127.0,16.0,FIN,05:07:22,234.0,218.0,,2077,9586,6330,312,136,18442,6330,18442
131,Ryme Zaim,Morocco,Female,F35-39,05:18:18,181.0,13.0,2.0,00:33:27,137.0,10.0,1.0,02:48:57,228.0,15.0,2.0,01:48:32,177.0,11.0,1.0,00:4:49,187.0,24.0,4.0,00:2:33,195.0,23.0,3.0,FIN,05:07:24,235.0,17.0,1.0,2007,10137,6512,289,153,19098,6512,19098
17,Monique Lanz,Germany,Female,F50-54,05:41:12,263.0,20.0,5.0,00:35:13,200.0,20.0,6.0,02:53:52,269.0,21.0,5.0,02:04:16,304.0,30.0,6.0,00:4:26,151.0,20.0,5.0,00:3:24,307.0,36.0,9.0,FIN,05:07:37,236.0,18.0,1.0,2113,10432,7456,266,204,20472,7456,20472
135,Angelika Fanai-Nimmesgern,Portugal,Female,F60-64,06:06:39,340.0,31.0,1.0,00:43:53,392.0,43.0,3.0,02:55:45,279.0,22.0,1.0,02:17:48,374.0,42.0,3.0,00:5:44,271.0,30.0,2.0,00:3:29,317.0,39.0,1.0,FIN,05:07:39,237.0,19.0,1.0,2633,10545,8268,344,209,21999,8268,21999
452,Saad Msahi,Morocco,Male,M50-54,05:48:33,281.0,258.0,24.0,00:34:03,155.0,143.0,19.0,03:05:40,344.0,313.0,31.0,01:58:56,258.0,236.0,22.0,00:6:43,336.0,296.0,31.0,00:3:12,280.0,251.0,29.0,FIN,05:07:52,238.0,219.0,,2043,11140,7136,403,192,20913,7136,20913
420,Charles-Edouard Thiout,France,Male,M45-49,05:43:15,266.0,246.0,33.0,00:45:19,412.0,365.0,56.0,02:42:19,176.0,167.0,27.0,02:06:15,321.0,288.0,36.0,00:5:58,293.0,260.0,34.0,00:3:24,308.0,272.0,40.0,FIN,05:08:10,239.0,220.0,,2719,9739,7575,358,204,20595,7575,20595
433,David Bossard,France,Male,M50-54,05:48:59,285.0,262.0,25.0,00:34:20,164.0,151.0,21.0,02:36:38,125.0,122.0,13.0,02:31:22,420.0,367.0,38.0,00:4:33,163.0,142.0,14.0,00:2:07,113.0,97.0,7.0,FIN,05:08:15,240.0,221.0,,2060,9398,9082,273,127,20939,9082,20939
418,Hatim Senhaji,Morocco,Male,M45-49,05:43:29,271.0,249.0,34.0,00:38:39,295.0,265.0,40.0,03:05:32,343.0,312.0,47.0,01:49:36,185.0,174.0,18.0,00:7:24,379.0,332.0,50.0,00:2:18,149.0,132.0,19.0,FIN,05:08:22,241.0,222.0,,2319,11132,6576,444,138,20609,6576,20609
568,HICHAM NAJIM,Morocco,Male,M45-49,05:43:45,273.0,251.0,35.0,00:39:21,308.0,276.0,42.0,03:09:02,365.0,331.0,51.0,01:44:53,149.0,141.0,12.0,00:6:57,351.0,308.0,45.0,00:3:32,323.0,284.0,44.0,FIN,05:08:37,242.0,223.0,,2361,11342,6293,417,212,20625,6293,20625
261,Abdellaoui Hicham,Morocco,Male,M35-39,05:25:26,208.0,191.0,32.0,00:38:28,292.0,263.0,34.0,03:06:55,351.0,319.0,48.0,01:33:44,58.0,57.0,11.0,00:4:02,109.0,94.0,13.0,00:2:17,146.0,129.0,15.0,FIN,05:09:09,243.0,224.0,,2308,11215,5624,242,137,19526,5624,19526
202,Alberto Marrero Suneson,Spain,Male,M25-29,05:11:35,157.0,149.0,12.0,00:36:30,239.0,218.0,22.0,02:43:04,187.0,177.0,13.0,01:45:12,154.0,146.0,14.0,00:4:31,160.0,139.0,13.0,00:2:19,157.0,140.0,16.0,FIN,05:09:22,244.0,225.0,,2190,9784,6312,271,139,18695,6312,18695
91,Camille Oly,Luxembourg,Female,F30-34,05:14:56,169.0,12.0,2.0,00:31:49,100.0,6.0,1.0,02:45:46,205.0,13.0,2.0,01:52:31,199.0,13.0,3.0,00:2:48,19.0,2.0,1.0,00:2:02,101.0,15.0,1.0,FIN,05:09:30,245.0,20.0,1.0,1909,9946,6751,168,122,18896,6751,18896
270,Omar Bjani,Morocco,Male,M35-39,05:26:15,213.0,196.0,33.0,00:34:32,171.0,158.0,21.0,02:53:35,265.0,245.0,39.0,01:45:41,163.0,155.0,27.0,00:7:36,386.0,339.0,50.0,00:4:52,413.0,364.0,52.0,FIN,05:09:56,246.0,226.0,,2072,10415,6341,456,292,19575,6341,19575
344,Amine Lahmam Bennani,Morocco,Male,M40-44,05:35:25,243.0,225.0,51.0,00:36:11,232.0,211.0,40.0,02:49:03,230.0,215.0,48.0,02:01:01,277.0,252.0,58.0,00:6:03,296.0,263.0,52.0,00:3:07,266.0,240.0,58.0,FIN,05:10:39,247.0,227.0,,2171,10143,7261,363,187,20125,7261,20125
230,Paolo Facchi,Italy,Male,M30-34,05:21:52,196.0,180.0,24.0,00:35:48,219.0,199.0,19.0,02:50:15,236.0,220.0,27.0,01:44:33,147.0,139.0,26.0,00:7:14,368.0,323.0,36.0,00:4:03,368.0,322.0,43.0,FIN,05:10:45,248.0,228.0,,2148,10215,6273,434,243,19312,6273,19312
248,MHAMED NIBRASSE,Morocco,Male,M30-34,05:22:05,198.0,182.0,25.0,00:32:57,125.0,116.0,12.0,02:38:00,132.0,128.0,15.0,02:02:41,287.0,261.0,35.0,00:5:16,229.0,202.0,24.0,00:3:11,275.0,247.0,31.0,FIN,05:10:58,249.0,229.0,,1977,9480,7361,316,191,19325,7361,19325
354,Soufiane Miadi,Morocco,Male,M40-44,05:35:52,245.0,227.0,52.0,00:42:48,382.0,340.0,65.0,02:55:40,277.0,256.0,53.0,01:45:36,162.0,154.0,37.0,00:8:13,413.0,364.0,69.0,00:3:35,329.0,290.0,63.0,FIN,05:11:04,250.0,230.0,,2568,10540,6336,493,215,20152,6336,20152
267,Taha Bentbib,Morocco,Male,M35-39,05:27:56,222.0,205.0,34.0,00:50:38,448.0,389.0,54.0,02:25:07,49.0,49.0,7.0,02:00:30,272.0,248.0,41.0,00:8:10,412.0,363.0,54.0,00:3:31,319.0,280.0,37.0,FIN,05:11:32,251.0,231.0,,3038,8707,7230,490,211,19676,7230,19676
318,Amine Belhaj,Morocco,Male,M40-44,05:36:57,253.0,234.0,53.0,00:37:50,279.0,252.0,47.0,03:02:22,326.0,300.0,64.0,01:47:58,176.0,166.0,40.0,00:5:23,238.0,211.0,43.0,00:3:23,304.0,269.0,59.0,FIN,05:12:04,252.0,232.0,,2270,10942,6478,323,203,20217,6478,20217
463,Heiko Zoellner,Germany,Male,M50-54,05:53:24,300.0,276.0,26.0,00:36:17,234.0,213.0,27.0,02:55:44,278.0,257.0,26.0,02:14:53,366.0,327.0,31.0,00:4:10,124.0,107.0,11.0,00:2:19,153.0,136.0,10.0,FIN,05:12:09,253.0,233.0,,2177,10544,8093,250,139,21204,8093,21204
126,Ines Hernandez Hernandez,Spain,Female,F60-64,06:12:02,358.0,34.0,2.0,00:37:20,264.0,24.0,2.0,03:19:13,413.0,45.0,3.0,02:04:46,309.0,31.0,1.0,00:6:53,348.0,42.0,3.0,00:3:49,356.0,44.0,2.0,FIN,05:12:10,254.0,21.0,1.0,2240,11953,7486,413,229,22322,7486,22322
54,OKBA YOUNES,Morocco,Male,M50-54,05:54:29,303.0,279.0,27.0,00:34:08,158.0,145.0,20.0,02:52:35,255.0,235.0,23.0,02:20:11,387.0,342.0,34.0,00:5:14,228.0,201.0,22.0,00:2:22,168.0,150.0,12.0,FIN,05:13:06,255.0,234.0,,2048,10355,8411,314,142,21269,8411,21269
402,Sam Ghan,Morocco,Male,M45-49,05:49:01,286.0,263.0,36.0,00:45:51,419.0,369.0,58.0,02:55:25,275.0,254.0,38.0,01:58:25,253.0,232.0,30.0,00:5:38,261.0,233.0,30.0,00:3:43,344.0,301.0,47.0,FIN,05:13:20,256.0,235.0,,2751,10525,7105,338,223,20941,7105,20941
504,FADL Chraibi,Morocco,Male,M40-44,05:38:22,256.0,237.0,54.0,00:36:54,249.0,226.0,43.0,02:50:23,238.0,221.0,50.0,02:02:39,286.0,260.0,60.0,00:5:50,281.0,251.0,51.0,00:2:36,203.0,180.0,43.0,FIN,05:13:23,257.0,236.0,,2214,10223,7359,350,156,20302,7359,20302
519,HAMZA LAHLOU,Morocco,Male,M30-34,05:24:42,204.0,188.0,26.0,00:42:49,383.0,341.0,44.0,02:52:50,259.0,239.0,31.0,01:37:42,86.0,83.0,20.0,00:7:36,385.0,338.0,38.0,00:3:46,349.0,306.0,41.0,FIN,05:13:29,258.0,237.0,,2569,10370,5862,456,226,19482,5862,19482
547,Ali Kerim Gunay,Turkey,Male,M45-49,05:50:58,294.0,270.0,37.0,00:37:45,276.0,250.0,38.0,02:55:22,273.0,252.0,37.0,02:09:59,336.0,301.0,39.0,00:5:06,215.0,189.0,23.0,00:2:46,225.0,202.0,26.0,FIN,05:15:05,259.0,238.0,,2265,10522,7799,306,166,21058,7799,21058
437,Jean-Philippe Daveau,France,Male,M50-54,05:56:48,317.0,289.0,28.0,00:40:04,323.0,286.0,36.0,02:59:49,314.0,289.0,30.0,02:09:10,335.0,300.0,26.0,00:4:55,196.0,172.0,18.0,00:2:50,237.0,212.0,22.0,FIN,05:15:09,260.0,239.0,,2404,10789,7750,295,170,21408,7750,21408
219,Jad Ayoujil,Morocco,Male,M30-34,05:26:26,216.0,199.0,27.0,00:38:43,296.0,266.0,29.0,02:44:34,197.0,186.0,22.0,01:54:41,215.0,198.0,32.0,00:5:26,242.0,215.0,27.0,00:3:02,253.0,228.0,28.0,FIN,05:15:10,261.0,240.0,,2323,9874,6881,326,182,19586,6881,19586
312,Mouad Abouhali,Morocco,Male,M40-44,05:40:36,262.0,243.0,55.0,00:52:27,451.0,392.0,73.0,02:57:38,296.0,272.0,59.0,01:39:10,97.0,93.0,22.0,00:7:49,399.0,351.0,67.0,00:3:32,322.0,283.0,62.0,FIN,05:15:27,262.0,241.0,,3147,10658,5950,469,212,20436,5950,20436
380,Rachid Bennis,Morocco,Male,M45-49,05:51:29,295.0,271.0,38.0,00:41:41,356.0,316.0,45.0,03:01:59,323.0,297.0,44.0,01:57:25,243.0,223.0,26.0,00:7:05,361.0,316.0,47.0,00:3:20,296.0,263.0,39.0,FIN,05:15:33,263.0,242.0,,2501,10919,7045,425,200,21089,7045,21089
185,Jonathan Dhayer,France,Male,M25-29,05:17:55,180.0,168.0,13.0,00:33:41,146.0,135.0,14.0,02:53:38,267.0,247.0,23.0,01:42:55,131.0,124.0,13.0,00:5:12,223.0,196.0,20.0,00:2:29,183.0,163.0,21.0,FIN,05:15:39,264.0,243.0,,2021,10418,6175,312,149,19075,6175,19075
484,Hassan Aboufiras,Germany,Male,M60-64,06:25:50,394.0,351.0,13.0,00:35:22,208.0,188.0,10.0,03:04:14,337.0,308.0,13.0,02:36:13,430.0,376.0,14.0,00:8:26,420.0,370.0,14.0,00:1:35,39.0,36.0,1.0,FIN,05:16:04,265.0,244.0,,2122,11054,9373,506,95,23150,9373,23150
472,MOULAY AHMED EL AZHARI DAOUDI,Morocco,Male,M55-59,06:09:18,346.0,315.0,17.0,00:39:30,311.0,279.0,20.0,03:06:28,347.0,316.0,19.0,02:12:20,354.0,317.0,17.0,00:6:25,322.0,285.0,19.0,00:4:35,403.0,354.0,22.0,FIN,05:16:18,266.0,245.0,,2370,11188,7940,385,275,22158,7940,22158
275,Luke Chapman,United Kingdom,Male,M35-39,05:33:10,238.0,221.0,35.0,00:29:29,50.0,49.0,7.0,02:52:45,257.0,237.0,37.0,02:03:35,298.0,270.0,45.0,00:3:54,100.0,87.0,12.0,00:3:26,314.0,276.0,36.0,FIN,05:16:30,267.0,246.0,,1769,10365,7415,234,206,19990,7415,19990
424,Faiçal Zahlane,Morocco,Male,M45-49,05:52:44,298.0,274.0,39.0,00:40:48,342.0,303.0,44.0,02:46:29,210.0,197.0,30.0,02:13:02,358.0,320.0,44.0,00:8:20,417.0,367.0,54.0,00:4:05,371.0,325.0,49.0,FIN,05:16:41,268.0,247.0,,2448,9989,7982,500,245,21164,7982,21164
428,Nassim Aschtouk,Morocco,Male,M50-54,05:59:23,325.0,296.0,29.0,00:38:15,290.0,261.0,34.0,03:06:10,346.0,315.0,32.0,02:05:44,315.0,283.0,24.0,00:4:33,164.0,143.0,15.0,00:4:42,408.0,359.0,36.0,FIN,05:17:26,269.0,248.0,,2295,11170,7544,273,282,21563,7544,21563
381,Zach Benrhamous,Morocco,Male,M45-49,05:53:44,301.0,277.0,40.0,00:31:15,86.0,81.0,12.0,02:54:13,271.0,250.0,36.0,02:21:28,393.0,347.0,48.0,00:5:09,220.0,193.0,25.0,00:1:39,50.0,45.0,5.0,FIN,05:17:34,270.0,249.0,,1875,10453,8488,309,99,21224,8488,21224
191,Souhaib ESSAR-RHINI,Morocco,Male,M25-29,05:20:18,187.0,173.0,14.0,00:32:32,115.0,107.0,10.0,02:42:03,174.0,165.0,11.0,01:58:49,257.0,235.0,24.0,00:4:29,156.0,135.0,12.0,00:2:25,179.0,160.0,19.0,FIN,05:18:01,271.0,250.0,,1952,9723,7129,269,145,19218,7129,19218
349,Adil Loukid,Morocco,Male,M40-44,05:43:28,269.0,247.0,56.0,00:41:00,347.0,307.0,57.0,02:56:07,282.0,260.0,55.0,01:55:51,224.0,207.0,48.0,00:6:22,318.0,282.0,56.0,00:4:09,375.0,329.0,67.0,FIN,05:18:07,272.0,251.0,,2460,10567,6951,382,249,20608,6951,20608
330,MOHAMED ECHDID,Morocco,Male,M40-44,05:43:29,270.0,248.0,57.0,00:36:06,228.0,207.0,38.0,02:59:16,308.0,283.0,60.0,02:00:39,274.0,250.0,57.0,00:4:04,113.0,98.0,21.0,00:3:23,305.0,270.0,60.0,FIN,05:18:08,273.0,252.0,,2166,10756,7239,244,203,20609,7239,20609
285,Nathan Fletcher,United Kingdom,Male,M35-39,05:35:08,241.0,224.0,36.0,00:34:19,162.0,149.0,20.0,02:58:05,299.0,275.0,43.0,01:54:50,217.0,200.0,35.0,00:5:06,214.0,188.0,25.0,00:2:49,232.0,208.0,27.0,FIN,05:18:22,274.0,253.0,,2059,10685,6890,306,169,20108,6890,20108
475,David Fragoso Roig,Spain,Male,M55-59,06:11:56,356.0,323.0,18.0,00:38:12,289.0,260.0,18.0,03:19:06,412.0,368.0,21.0,02:04:23,306.0,276.0,12.0,00:6:06,300.0,267.0,18.0,00:4:09,377.0,331.0,17.0,FIN,05:18:33,275.0,254.0,,2292,11946,7463,366,249,22316,7463,22316
206,Leszek Nowaczyk,Poland,Male,M25-29,05:20:59,192.0,177.0,15.0,00:37:23,265.0,241.0,25.0,02:46:51,217.0,204.0,18.0,01:49:21,181.0,170.0,17.0,00:4:38,170.0,148.0,15.0,00:2:45,223.0,200.0,23.0,FIN,05:18:42,276.0,255.0,,2243,10011,6561,278,165,19259,6561,19259
520,MOUNIR LAKHLIFI,Morocco,Male,M30-34,05:30:28,232.0,215.0,28.0,00:37:07,258.0,235.0,24.0,02:48:18,224.0,210.0,25.0,01:58:44,256.0,234.0,33.0,00:4:08,121.0,104.0,15.0,00:2:11,125.0,108.0,15.0,FIN,05:19:03,277.0,256.0,,2227,10098,7124,248,131,19828,7124,19828
125,Arantza Burgoa Aguirregomezcorta,Spain,Female,F60-64,06:20:16,382.0,39.0,3.0,00:34:48,181.0,15.0,1.0,03:18:09,409.0,42.0,2.0,02:17:02,373.0,41.0,2.0,00:5:05,213.0,26.0,1.0,00:5:12,423.0,50.0,3.0,FIN,05:19:04,278.0,22.0,1.0,2088,11889,8222,305,312,22816,8222,22816
284,Ayoub Elhamji,Morocco,Male,M35-39,05:36:05,247.0,229.0,37.0,00:35:29,210.0,190.0,29.0,02:51:03,244.0,226.0,35.0,02:02:46,289.0,263.0,44.0,00:4:11,125.0,108.0,15.0,00:2:36,202.0,179.0,24.0,FIN,05:19:16,279.0,257.0,,2129,10263,7366,251,156,20165,7366,20165
110,Lamyaa Cherkab,Morocco,Female,F45-49,05:47:45,279.0,23.0,6.0,00:36:43,246.0,23.0,4.0,03:04:17,338.0,30.0,6.0,01:59:04,260.0,23.0,6.0,00:4:37,168.0,22.0,6.0,00:3:05,262.0,26.0,6.0,FIN,05:19:39,280.0,23.0,1.0,2203,11057,7144,277,185,20865,7144,20865
426,Abdeslam Afailal,Morocco,Male,M50-54,06:01:57,330.0,301.0,30.0,00:37:01,252.0,229.0,28.0,03:19:49,415.0,369.0,40.0,01:51:15,191.0,179.0,16.0,00:6:59,355.0,311.0,34.0,00:6:53,451.0,395.0,42.0,FIN,05:19:42,281.0,258.0,,2221,11989,6675,419,413,21717,6675,21717
271,Yahya Boulben El Fallah,Belgium,Male,M35-39,05:36:46,252.0,233.0,38.0,00:35:53,220.0,200.0,30.0,02:55:54,281.0,259.0,41.0,01:54:46,216.0,199.0,34.0,00:5:49,275.0,245.0,35.0,00:4:24,393.0,345.0,50.0,FIN,05:19:55,282.0,259.0,,2153,10554,6886,349,264,20206,6886,20206
564,Chakib Taha,Morocco,Male,M55-59,06:13:32,363.0,329.0,19.0,00:45:01,405.0,359.0,23.0,03:11:24,377.0,342.0,20.0,02:04:55,312.0,281.0,13.0,00:7:41,393.0,345.0,21.0,00:4:32,400.0,351.0,21.0,FIN,05:19:55,283.0,260.0,,2701,11484,7495,461,272,22412,7495,22412
119,Marine De Michelena,France,Female,F50-54,05:54:53,305.0,25.0,6.0,00:34:32,172.0,14.0,5.0,03:05:08,341.0,31.0,6.0,02:06:07,318.0,33.0,7.0,00:5:53,284.0,32.0,7.0,00:3:13,283.0,30.0,6.0,FIN,05:19:57,284.0,24.0,1.0,2072,11108,7567,353,193,21293,7567,21293
514,Abdelkader Boulouad,Morocco,Male,M30-34,05:31:41,235.0,218.0,29.0,00:35:00,192.0,175.0,17.0,02:58:25,301.0,277.0,34.0,01:51:20,192.0,180.0,29.0,00:4:55,194.0,170.0,22.0,00:2:00,95.0,82.0,11.0,FIN,05:20:14,285.0,261.0,,2100,10705,6680,295,120,19901,6680,19901
425,Farouk Abou Rahal,Lebanon,Male,M50-54,06:02:49,334.0,304.0,31.0,00:42:16,366.0,324.0,39.0,02:55:38,276.0,255.0,25.0,02:12:36,355.0,318.0,28.0,00:7:30,380.0,333.0,37.0,00:4:49,411.0,362.0,37.0,FIN,05:20:28,286.0,262.0,,2536,10538,7956,450,289,21769,7956,21769
445,Adil Haida,Morocco,Male,M50-54,06:02:49,335.0,305.0,32.0,00:42:07,365.0,323.0,38.0,03:12:49,383.0,347.0,37.0,01:57:19,241.0,221.0,19.0,00:7:20,376.0,329.0,36.0,00:3:14,286.0,255.0,31.0,FIN,05:20:28,287.0,263.0,,2527,11569,7039,440,194,21769,7039,21769
487,Driss Benkirane,Morocco,Male,M60-64,06:31:24,406.0,360.0,14.0,00:45:50,418.0,368.0,14.0,03:21:13,420.0,374.0,14.0,02:12:52,357.0,319.0,11.0,00:7:18,375.0,328.0,13.0,00:4:11,379.0,333.0,13.0,FIN,05:20:38,288.0,264.0,,2750,12073,7972,438,251,23484,7972,23484
10,Mark Meehan,Ireland,Male,M40-44,05:46:34,278.0,256.0,58.0,00:42:21,373.0,331.0,63.0,02:48:53,227.0,213.0,47.0,02:07:38,328.0,294.0,66.0,00:5:19,234.0,207.0,42.0,00:2:23,173.0,154.0,37.0,FIN,05:20:59,289.0,265.0,,2541,10133,7658,319,143,20794,7658,20794
413,Tahiri Nizar,Morocco,Male,M45-49,05:57:40,320.0,292.0,41.0,00:39:16,307.0,275.0,41.0,02:58:50,305.0,280.0,41.0,02:10:02,337.0,302.0,40.0,00:6:02,295.0,262.0,35.0,00:3:30,318.0,279.0,42.0,FIN,05:21:06,290.0,266.0,,2356,10730,7802,362,210,21460,7802,21460
392,Diaa Alhak EL FALLOUS,Morocco,Male,M45-49,05:57:45,322.0,293.0,42.0,00:42:23,375.0,333.0,50.0,03:10:47,373.0,338.0,52.0,01:56:05,227.0,210.0,24.0,00:6:10,305.0,271.0,39.0,00:2:18,151.0,134.0,20.0,FIN,05:21:11,291.0,267.0,,2543,11447,6965,370,138,21465,6965,21465
292,Hatim KAMEL,Morocco,Male,M35-39,05:38:46,258.0,239.0,39.0,00:45:19,411.0,364.0,48.0,02:50:25,239.0,222.0,33.0,01:49:31,183.0,172.0,30.0,00:8:30,422.0,372.0,56.0,00:5:01,418.0,369.0,54.0,FIN,05:21:49,292.0,268.0,,2719,10225,6571,510,301,20326,6571,20326
46,Youssef Oujaa,Morocco,Male,M30-34,05:33:45,240.0,223.0,30.0,00:37:54,282.0,255.0,28.0,02:43:28,191.0,181.0,20.0,02:06:48,323.0,290.0,39.0,00:3:04,34.0,31.0,5.0,00:2:31,190.0,169.0,20.0,FIN,05:22:14,293.0,269.0,,2274,9808,7608,184,151,20025,7608,20025
552,Wahb Atik,Morocco,Male,M45-49,05:59:31,327.0,298.0,43.0,00:42:21,374.0,332.0,49.0,02:57:17,292.0,269.0,39.0,02:10:03,338.0,303.0,41.0,00:6:55,349.0,307.0,44.0,00:2:56,248.0,223.0,29.0,FIN,05:22:46,294.0,270.0,,2541,10637,7803,415,176,21571,7803,21571
211,Pablo Serratosa Morón,Spain,Male,M25-29,05:26:04,212.0,195.0,16.0,00:31:23,89.0,84.0,9.0,02:53:50,268.0,248.0,24.0,01:52:37,201.0,188.0,18.0,00:4:27,153.0,133.0,11.0,00:3:47,353.0,310.0,33.0,FIN,05:23:45,295.0,271.0,,1883,10430,6757,267,227,19564,6757,19564
195,Remy Fragniere,Switzerland,Male,M25-29,05:26:18,214.0,197.0,17.0,00:29:31,51.0,50.0,7.0,02:45:47,206.0,193.0,16.0,02:02:23,284.0,258.0,29.0,00:5:03,208.0,183.0,18.0,00:3:34,326.0,287.0,30.0,FIN,05:23:58,296.0,272.0,,1771,9947,7343,303,214,19578,7343,19578
180,Anass Boudarka,United Kingdom,Male,M25-29,05:26:20,215.0,198.0,18.0,00:40:50,343.0,304.0,32.0,02:46:40,214.0,201.0,17.0,01:47:18,172.0,162.0,16.0,00:7:07,362.0,317.0,35.0,00:4:24,392.0,344.0,39.0,FIN,05:24:00,297.0,273.0,,2450,10000,6438,427,264,19580,6438,19580
429,rachid baali,France,Male,M50-54,06:07:13,342.0,311.0,33.0,00:28:25,27.0,27.0,3.0,03:07:17,354.0,322.0,34.0,02:22:46,396.0,349.0,36.0,00:5:55,287.0,254.0,28.0,00:2:49,234.0,210.0,21.0,FIN,05:24:21,298.0,274.0,,1705,11237,8566,355,169,22033,8566,22033
364,Hamza SELLAK,Morocco,Male,M40-44,05:50:36,289.0,266.0,59.0,00:45:06,406.0,360.0,67.0,02:55:23,274.0,253.0,52.0,01:57:38,246.0,226.0,53.0,00:7:53,403.0,354.0,68.0,00:4:36,405.0,356.0,70.0,FIN,05:24:43,299.0,275.0,,2706,10523,7058,473,276,21036,7058,21036
98,MAELLE PENNEC,France,Female,F35-39,05:36:18,249.0,19.0,3.0,00:34:56,188.0,17.0,3.0,02:57:30,295.0,24.0,5.0,01:58:31,254.0,22.0,3.0,00:4:01,107.0,15.0,1.0,00:1:21,14.0,1.0,1.0,FIN,05:24:47,300.0,25.0,1.0,2096,10650,7111,241,81,20178,7111,20178
203,Theo Meslin,France,Male,M25-29,05:28:06,223.0,206.0,19.0,00:33:06,127.0,118.0,12.0,02:52:29,253.0,233.0,21.0,01:55:20,221.0,204.0,21.0,00:5:03,209.0,184.0,19.0,00:2:08,117.0,101.0,13.0,FIN,05:25:46,301.0,276.0,,1986,10349,6920,303,128,19686,6920,19686
173,Walid AMHARE,Morocco,Male,M25-29,05:28:52,227.0,210.0,20.0,00:43:53,391.0,349.0,37.0,02:50:29,240.0,223.0,19.0,01:47:15,171.0,161.0,15.0,00:4:46,182.0,160.0,16.0,00:2:29,185.0,165.0,22.0,FIN,05:26:31,302.0,277.0,,2633,10229,6435,286,149,19732,6435,19732
186,Dixon Rowan,United Kingdom,Male,M25-29,05:29:00,228.0,211.0,21.0,00:35:42,215.0,195.0,21.0,02:51:50,249.0,230.0,20.0,01:53:45,210.0,196.0,20.0,00:5:24,240.0,213.0,22.0,00:2:18,148.0,131.0,15.0,FIN,05:26:39,303.0,278.0,,2142,10310,6825,324,138,19740,6825,19740
517,Salaheddine El khou,Morocco,Male,M30-34,05:38:23,257.0,238.0,31.0,00:40:12,326.0,289.0,32.0,02:58:46,304.0,279.0,35.0,01:47:14,170.0,160.0,27.0,00:9:30,441.0,385.0,48.0,00:2:40,211.0,188.0,24.0,FIN,05:26:42,304.0,279.0,,2412,10726,6434,570,160,20303,6434,20303
482,Ian Osborne,United Kingdom,Male,M55-59,06:21:40,385.0,346.0,20.0,00:31:43,98.0,93.0,5.0,03:03:33,331.0,303.0,18.0,02:39:06,440.0,385.0,21.0,00:4:18,135.0,117.0,8.0,00:3:01,252.0,227.0,11.0,FIN,05:26:53,305.0,280.0,,1903,11013,9546,258,181,22900,9546,22900
555,Sergio Marta,Italy,Male,M50-54,06:10:09,351.0,319.0,34.0,00:31:59,102.0,96.0,13.0,02:53:15,262.0,242.0,24.0,02:36:40,431.0,377.0,39.0,00:5:05,212.0,187.0,21.0,00:3:10,274.0,246.0,28.0,FIN,05:26:57,306.0,281.0,,1919,10395,9400,305,190,22209,9400,22209
401,Nacho Galán Moreno,Spain,Male,M45-49,06:04:53,338.0,308.0,44.0,00:32:20,110.0,102.0,15.0,03:04:00,333.0,305.0,45.0,02:20:50,391.0,345.0,47.0,00:4:53,191.0,167.0,19.0,00:2:49,233.0,209.0,28.0,FIN,05:27:35,307.0,282.0,,1940,11040,8450,293,169,21893,8450,21893
163,Mario Ruiz Botero,Panama,Male,M18-24,05:28:09,224.0,207.0,15.0,00:36:42,244.0,223.0,20.0,02:47:22,220.0,207.0,14.0,01:57:03,239.0,219.0,18.0,00:4:46,181.0,159.0,15.0,00:2:15,136.0,119.0,14.0,FIN,05:28:09,308.0,283.0,,2202,10042,7023,286,135,19689,7023,19689
308,Ali Timhadjelt,Morocco,Male,M35-39,05:45:26,277.0,255.0,40.0,00:42:41,381.0,339.0,44.0,02:58:15,300.0,276.0,44.0,01:52:39,203.0,190.0,32.0,00:7:32,381.0,334.0,48.0,00:4:19,389.0,343.0,49.0,FIN,05:28:09,309.0,284.0,,2561,10695,6759,452,259,20726,6759,20726
343,OMAR LAHBABI,Morocco,Male,M40-44,05:54:28,302.0,278.0,60.0,00:42:37,377.0,335.0,64.0,03:01:09,320.0,295.0,63.0,02:01:12,279.0,254.0,59.0,00:6:45,338.0,298.0,58.0,00:2:46,226.0,203.0,53.0,FIN,05:28:18,310.0,285.0,,2557,10869,7272,405,166,21268,7272,21268
234,Justin Hamill,United Kingdom,Male,M30-34,05:40:24,261.0,242.0,32.0,00:39:31,313.0,280.0,31.0,02:58:57,306.0,281.0,36.0,01:51:43,196.0,184.0,30.0,00:7:04,360.0,315.0,35.0,00:3:09,268.0,242.0,30.0,FIN,05:28:39,311.0,286.0,,2371,10737,6703,424,189,20424,6703,20424
498,Steve Gale,United Kingdom,Male,M65-69,07:10:17,450.0,394.0,6.0,00:49:53,445.0,386.0,6.0,03:27:47,438.0,387.0,6.0,02:35:03,426.0,373.0,6.0,00:11:41,457.0,399.0,6.0,00:5:53,436.0,385.0,6.0,FIN,05:28:44,312.0,287.0,,2993,12467,9303,701,353,25817,9303,25817
331,Mounir El Adib,Morocco,Male,M40-44,05:54:56,306.0,281.0,61.0,00:35:43,216.0,196.0,36.0,02:56:18,283.0,261.0,56.0,02:15:38,370.0,331.0,69.0,00:4:54,192.0,168.0,37.0,00:2:22,169.0,151.0,34.0,FIN,05:28:44,313.0,288.0,,2143,10578,8138,294,142,21296,8138,21296
378,Soufiane Bazouz,Morocco,Male,M45-49,06:06:16,339.0,309.0,45.0,00:45:38,414.0,367.0,57.0,03:11:22,376.0,341.0,54.0,01:59:13,263.0,240.0,32.0,00:7:17,373.0,326.0,48.0,00:2:46,227.0,204.0,27.0,FIN,05:28:50,314.0,289.0,,2738,11482,7153,437,166,21976,7153,21976
145,Piotr Blysz,Poland,Male,M18-24,05:29:08,229.0,212.0,16.0,00:28:56,37.0,37.0,6.0,02:49:19,231.0,216.0,16.0,02:05:47,316.0,284.0,21.0,00:3:13,51.0,44.0,7.0,00:1:54,79.0,70.0,9.0,FIN,05:29:08,315.0,290.0,,1736,10159,7547,193,114,19748,7547,19748
90,Camelea Mghazli,Morocco,Female,F30-34,05:35:23,242.0,18.0,3.0,00:40:18,330.0,39.0,6.0,02:58:29,303.0,25.0,3.0,01:46:11,165.0,9.0,2.0,00:7:14,370.0,46.0,5.0,00:3:12,278.0,29.0,4.0,FIN,05:29:36,316.0,26.0,1.0,2418,10709,6371,434,192,20123,6371,20123
570,BAUDOUIN BOULLIER,France,Male,M40-44,05:58:30,323.0,294.0,62.0,00:39:38,316.0,282.0,52.0,03:14:23,392.0,353.0,72.0,01:55:46,223.0,206.0,47.0,00:6:21,317.0,281.0,55.0,00:2:22,170.0,152.0,35.0,FIN,05:32:02,317.0,291.0,,2378,11663,6946,381,142,21510,6946,21510
416,Guillaume Rousseau,France,Male,M45-49,06:09:53,350.0,318.0,46.0,00:42:18,369.0,327.0,47.0,02:53:14,261.0,241.0,33.0,02:24:09,398.0,351.0,50.0,00:6:04,297.0,264.0,36.0,00:4:09,376.0,330.0,51.0,FIN,05:32:04,318.0,292.0,,2538,10394,8649,364,249,22193,8649,22193
236,Hicham Jaouad,Morocco,Male,M30-34,05:44:19,274.0,252.0,33.0,00:43:32,390.0,348.0,46.0,02:56:29,287.0,264.0,32.0,01:52:58,205.0,192.0,31.0,00:7:56,405.0,356.0,43.0,00:3:25,309.0,273.0,36.0,FIN,05:32:26,319.0,293.0,,2612,10589,6778,476,205,20659,6778,20659
149,JAD Cherqaoui,Morocco,Male,M18-24,05:33:06,237.0,220.0,17.0,00:33:07,128.0,119.0,13.0,03:11:10,375.0,340.0,20.0,01:41:02,115.0,108.0,12.0,00:5:42,269.0,240.0,17.0,00:2:06,110.0,95.0,13.0,FIN,05:33:06,320.0,294.0,,1987,11470,6062,342,126,19986,6062,19986
289,Mohamed HNANNOU,Morocco,Male,M35-39,05:50:42,290.0,267.0,41.0,00:47:20,435.0,380.0,52.0,02:51:41,246.0,228.0,36.0,01:59:49,269.0,245.0,39.0,00:7:51,402.0,353.0,52.0,00:4:02,365.0,320.0,45.0,FIN,05:33:09,321.0,295.0,,2840,10301,7189,471,242,21042,7189,21042
294,MOHAMMED AMINE KHALIDI,Morocco,Male,M35-39,05:50:51,291.0,268.0,42.0,00:40:59,346.0,306.0,41.0,03:00:28,317.0,292.0,45.0,02:00:00,270.0,246.0,40.0,00:5:49,277.0,247.0,36.0,00:3:34,327.0,288.0,39.0,FIN,05:33:18,322.0,296.0,,2459,10828,7200,349,214,21051,7200,21051
207,El mehdi Oubassan,Morocco,Male,M25-29,05:35:42,244.0,226.0,22.0,00:40:19,331.0,292.0,31.0,02:43:19,189.0,179.0,14.0,02:03:06,293.0,267.0,31.0,00:5:37,258.0,230.0,25.0,00:3:21,299.0,264.0,26.0,FIN,05:33:18,323.0,297.0,,2419,9799,7386,337,201,20142,7386,20142
383,Ahmed Chaouki Berrannoun,Morocco,Male,M45-49,06:11:17,354.0,321.0,47.0,00:30:03,69.0,67.0,9.0,03:06:33,348.0,317.0,48.0,02:08:13,330.0,295.0,38.0,00:19:50,461.0,402.0,61.0,00:6:39,449.0,393.0,59.0,FIN,05:33:20,324.0,298.0,,1803,11193,7693,1190,399,22277,7693,22277
178,Alexandre Bernardo,France,Male,M25-29,05:35:54,246.0,228.0,23.0,00:33:47,149.0,137.0,15.0,02:57:30,294.0,271.0,25.0,01:59:15,264.0,241.0,26.0,00:3:30,69.0,60.0,6.0,00:1:53,78.0,69.0,10.0,FIN,05:33:30,325.0,299.0,,2027,10650,7155,210,113,20154,7155,20154
403,Emilio Gimenez Serantes,Argentina,Male,M45-49,06:11:57,357.0,324.0,48.0,00:35:58,225.0,204.0,29.0,02:53:58,270.0,249.0,35.0,02:29:43,415.0,363.0,54.0,00:7:37,389.0,342.0,52.0,00:4:40,407.0,358.0,53.0,FIN,05:33:56,326.0,300.0,,2158,10438,8983,457,280,22317,8983,22317
393,HICHAM EL JAMALI,Morocco,Male,M45-49,06:12:16,359.0,325.0,49.0,00:35:35,214.0,194.0,27.0,02:57:56,297.0,273.0,40.0,02:30:08,416.0,364.0,55.0,00:5:56,289.0,256.0,33.0,00:2:40,213.0,190.0,25.0,FIN,05:34:13,327.0,301.0,,2135,10676,9008,356,160,22336,9008,22336
446,Aladin Karouati,Morocco,Male,M50-54,06:19:11,378.0,341.0,35.0,00:37:33,272.0,247.0,30.0,03:07:01,352.0,320.0,33.0,02:20:45,390.0,344.0,35.0,00:7:54,404.0,355.0,40.0,00:5:59,437.0,386.0,40.0,FIN,05:34:55,328.0,302.0,,2253,11221,8445,474,359,22751,8445,22751
431,REDA BENZAKOUR,Morocco,Male,M50-54,06:19:23,380.0,342.0,36.0,00:35:53,221.0,201.0,25.0,03:13:26,389.0,351.0,38.0,02:16:47,372.0,332.0,32.0,00:7:35,384.0,337.0,38.0,00:5:42,433.0,383.0,39.0,FIN,05:35:06,329.0,303.0,,2153,11606,8207,455,342,22763,8207,22763
450,Karim Mouathassime,Morocco,Male,M50-54,06:19:33,381.0,343.0,37.0,00:34:20,166.0,153.0,22.0,03:22:13,426.0,379.0,42.0,02:13:35,360.0,321.0,29.0,00:6:33,331.0,292.0,30.0,00:2:51,239.0,214.0,23.0,FIN,05:35:15,330.0,304.0,,2060,12133,8015,393,171,22773,8015,22773
561,FRANCOIS MARTINEZ,France,Male,M55-59,06:31:37,407.0,361.0,21.0,00:39:08,305.0,273.0,19.0,03:20:13,417.0,371.0,22.0,02:19:41,382.0,339.0,20.0,00:8:25,419.0,369.0,22.0,00:4:10,378.0,332.0,18.0,FIN,05:35:25,331.0,305.0,,2348,12013,8381,505,250,23497,8381,23497
417,Sandali Tarik,Morocco,Male,M45-49,06:14:56,367.0,333.0,50.0,00:45:14,410.0,363.0,55.0,03:06:49,350.0,318.0,49.0,02:04:46,310.0,279.0,35.0,00:9:12,437.0,381.0,56.0,00:8:55,457.0,399.0,61.0,FIN,05:36:36,332.0,306.0,,2714,11209,7486,552,535,22496,7486,22496
240,Ilias Lazrak,Morocco,Male,M30-34,05:48:41,283.0,260.0,34.0,00:46:32,429.0,377.0,50.0,02:51:14,245.0,227.0,28.0,02:03:13,295.0,268.0,38.0,00:5:58,294.0,261.0,32.0,00:1:45,62.0,55.0,7.0,FIN,05:36:39,333.0,307.0,,2792,10274,7393,358,105,20921,7393,20921
73,Mohammed El Amrani,Morocco,Male,M35-39,05:54:38,304.0,280.0,43.0,00:54:33,455.0,396.0,57.0,02:54:34,272.0,251.0,40.0,01:56:34,229.0,212.0,36.0,00:5:37,259.0,231.0,30.0,00:3:21,301.0,266.0,34.0,FIN,05:36:54,334.0,308.0,,3273,10474,6994,337,201,21278,6994,21278
176,Reda Belahrach,Morocco,Male,M25-29,05:39:19,259.0,240.0,24.0,00:42:20,371.0,329.0,34.0,03:08:35,364.0,330.0,32.0,01:41:48,120.0,113.0,12.0,00:5:49,276.0,246.0,27.0,00:0:47,1.0,1.0,1.0,FIN,05:36:54,335.0,309.0,,2540,11315,6108,349,47,20359,6108,20359
245,Matis Marie,France,Male,M30-34,05:49:22,287.0,264.0,35.0,00:34:36,173.0,159.0,16.0,02:51:45,247.0,229.0,29.0,02:11:04,345.0,308.0,41.0,00:8:41,428.0,376.0,47.0,00:3:17,290.0,259.0,33.0,FIN,05:37:18,336.0,310.0,,2076,10305,7864,521,197,20962,7864,20962
282,Abdelmounaim elghazi,Morocco,Male,M35-39,05:55:07,307.0,282.0,44.0,00:46:00,422.0,372.0,50.0,02:50:57,242.0,225.0,34.0,02:08:17,332.0,297.0,50.0,00:7:37,388.0,341.0,51.0,00:2:15,137.0,120.0,14.0,FIN,05:37:21,337.0,311.0,,2760,10257,7697,457,135,21307,7697,21307
300,Spencer Napolitano,United Kingdom,Male,M35-39,05:55:28,310.0,284.0,45.0,00:35:08,196.0,177.0,24.0,02:56:18,284.0,262.0,42.0,02:07:26,326.0,292.0,49.0,00:9:24,438.0,382.0,58.0,00:7:11,454.0,397.0,58.0,FIN,05:37:41,338.0,312.0,,2108,10578,7646,564,431,21328,7646,21328
290,Thami Iraqi Houssaini,Morocco,Male,M35-39,05:55:40,312.0,286.0,46.0,00:37:05,255.0,232.0,31.0,03:07:38,359.0,325.0,50.0,01:59:17,265.0,242.0,38.0,00:5:37,260.0,232.0,31.0,00:6:03,441.0,390.0,55.0,FIN,05:37:53,339.0,313.0,,2225,11258,7157,337,363,21340,7157,21340
101,Maroua TADILI,Morocco,Female,F35-39,05:50:52,292.0,24.0,4.0,00:47:29,438.0,57.0,9.0,02:51:45,248.0,19.0,4.0,01:59:48,268.0,24.0,4.0,00:7:49,400.0,49.0,8.0,00:4:01,364.0,45.0,9.0,FIN,05:38:52,340.0,27.0,1.0,2849,10305,7188,469,241,21052,7188,21052
407,David Leach,United States,Male,M45-49,06:17:31,372.0,337.0,51.0,00:37:49,278.0,251.0,39.0,03:16:17,402.0,361.0,56.0,02:14:20,362.0,323.0,45.0,00:6:05,299.0,266.0,37.0,00:3:00,251.0,226.0,31.0,FIN,05:38:56,341.0,314.0,,2269,11777,8060,365,180,22651,8060,22651
273,Matt Cariglia,United Kingdom,Male,M35-39,05:57:16,319.0,291.0,47.0,00:29:20,45.0,44.0,6.0,03:12:28,380.0,344.0,52.0,02:06:38,322.0,289.0,48.0,00:5:42,270.0,241.0,33.0,00:3:07,267.0,241.0,32.0,FIN,05:39:24,342.0,315.0,,1760,11548,7598,342,187,21436,7598,21436
319,Marouen BEN HAJ YAHIA,Morocco,Male,M40-44,06:07:14,343.0,312.0,63.0,00:41:06,348.0,308.0,58.0,02:55:46,280.0,258.0,54.0,02:18:08,375.0,333.0,70.0,00:6:48,341.0,300.0,59.0,00:5:26,428.0,378.0,73.0,FIN,05:40:07,343.0,316.0,,2466,10546,8288,408,326,22034,8288,22034
142,Maha IBOURK,Morocco,Female,F50-54,06:17:56,374.0,36.0,7.0,00:45:45,415.0,48.0,8.0,03:19:26,414.0,46.0,8.0,02:03:11,294.0,27.0,5.0,00:6:45,339.0,41.0,8.0,00:2:49,235.0,25.0,5.0,FIN,05:40:44,344.0,28.0,1.0,2745,11966,7391,405,169,22676,7391,22676
216,Bilal AMAR,Morocco,Male,M30-34,05:53:14,299.0,275.0,36.0,00:42:18,368.0,326.0,42.0,03:16:44,405.0,364.0,44.0,01:44:19,146.0,138.0,25.0,00:7:17,372.0,325.0,37.0,00:2:36,204.0,181.0,22.0,FIN,05:41:02,345.0,317.0,,2538,11804,6259,437,156,21194,6259,21194
177,Amine Benomar,Morocco,Male,M25-29,05:43:31,272.0,250.0,25.0,00:36:40,243.0,222.0,23.0,02:58:00,298.0,274.0,26.0,02:01:08,278.0,253.0,28.0,00:5:24,241.0,214.0,23.0,00:2:20,160.0,143.0,17.0,FIN,05:41:04,346.0,318.0,,2200,10680,7268,324,140,20611,7268,20611
109,LAMIA ALAOUI,Morocco,Female,F45-49,06:11:16,353.0,33.0,7.0,00:39:38,317.0,35.0,8.0,03:06:46,349.0,32.0,7.0,02:07:53,329.0,35.0,7.0,00:10:06,449.0,57.0,11.0,00:6:54,452.0,57.0,11.0,FIN,05:41:16,347.0,29.0,,2378,11206,7673,606,414,22276,7673,22276
298,issam Malki,Morocco,Male,M35-39,05:59:29,326.0,297.0,48.0,00:43:15,387.0,345.0,45.0,03:04:59,339.0,309.0,47.0,02:02:16,283.0,257.0,43.0,00:5:57,291.0,258.0,38.0,00:3:04,258.0,233.0,30.0,FIN,05:41:30,348.0,319.0,,2595,11099,7336,357,184,21569,7336,21569
75,Omar Lahlou,Morocco,Male,M40-44,06:09:18,347.0,316.0,64.0,00:45:34,413.0,366.0,68.0,03:07:38,360.0,326.0,67.0,02:06:12,320.0,287.0,65.0,00:6:59,356.0,312.0,63.0,00:2:55,247.0,222.0,55.0,FIN,05:42:02,349.0,320.0,,2734,11258,7572,419,175,22158,7572,22158
508,Nasser lakrimi,Morocco,Male,M25-29,05:45:03,275.0,253.0,26.0,00:42:00,364.0,322.0,33.0,02:29:39,71.0,71.0,7.0,02:23:25,397.0,350.0,38.0,00:6:20,316.0,280.0,30.0,00:3:39,339.0,297.0,31.0,FIN,05:42:36,350.0,321.0,,2520,8979,8605,380,219,20703,8605,20703
276,Laurent Chardaire,France,Male,M35-39,06:00:49,329.0,300.0,49.0,00:35:24,209.0,189.0,28.0,03:17:46,407.0,366.0,56.0,01:57:01,238.0,218.0,37.0,00:6:52,346.0,305.0,45.0,00:3:47,354.0,311.0,43.0,FIN,05:42:46,351.0,322.0,,2124,11866,7021,412,227,21649,7021,21649
85,Laerke Mop Rasmussen,Denmark,Female,F25-29,05:43:15,267.0,21.0,1.0,00:39:02,302.0,31.0,3.0,02:56:28,286.0,23.0,1.0,02:01:21,281.0,26.0,2.0,00:4:47,185.0,23.0,1.0,00:1:38,46.0,5.0,1.0,FIN,05:43:15,352.0,30.0,1.0,2342,10588,7281,287,98,20595,7281,20595
350,Abdellah Marrakchi,Morocco,Male,M40-44,06:10:50,352.0,320.0,65.0,00:39:00,300.0,270.0,50.0,03:00:30,318.0,293.0,61.0,02:20:16,388.0,343.0,71.0,00:8:43,429.0,377.0,74.0,00:2:21,162.0,145.0,32.0,FIN,05:43:27,353.0,323.0,,2340,10830,8416,523,141,22250,8416,22250
513,Ayoub BELFARAANE,Morocco,Male,M30-34,05:56:01,314.0,287.0,37.0,00:40:43,338.0,299.0,35.0,03:21:25,423.0,377.0,48.0,01:42:55,132.0,125.0,24.0,00:7:47,397.0,349.0,41.0,00:3:11,277.0,249.0,32.0,FIN,05:43:44,354.0,324.0,,2443,12085,6175,467,191,21361,6175,21361
48,ANAS EL HANCHI,Morocco,Male,M35-39,06:02:27,332.0,302.0,50.0,00:34:05,157.0,144.0,19.0,02:53:24,263.0,243.0,38.0,02:25:10,404.0,356.0,56.0,00:6:44,337.0,297.0,43.0,00:3:04,259.0,234.0,31.0,FIN,05:44:19,355.0,325.0,,2045,10404,8710,404,184,21747,8710,21747
598,BENLAMLIH Mouhcine,Morocco,Male,M50-54,06:32:25,408.0,362.0,38.0,00:42:37,378.0,336.0,40.0,03:10:30,372.0,337.0,36.0,02:30:42,418.0,365.0,37.0,00:5:54,285.0,253.0,27.0,00:2:41,217.0,194.0,18.0,FIN,05:46:37,356.0,326.0,,2557,11430,9042,354,161,23545,9042,23545
534,ZAKARIA EL HAMDAOUI,Morocco,Male,M40-44,06:14:22,366.0,332.0,66.0,00:40:26,334.0,295.0,55.0,03:08:26,363.0,329.0,68.0,02:12:18,353.0,316.0,68.0,00:7:37,390.0,343.0,66.0,00:5:35,430.0,380.0,75.0,FIN,05:46:44,357.0,327.0,,2426,11306,7938,457,335,22462,7938,22462
550,Wei Sui,Belgium,Male,M45-49,06:26:58,396.0,352.0,52.0,00:43:03,385.0,343.0,52.0,02:59:16,309.0,284.0,42.0,02:35:05,427.0,374.0,57.0,00:5:31,253.0,225.0,28.0,00:4:04,369.0,323.0,48.0,FIN,05:47:25,358.0,328.0,,2583,10756,9305,331,244,23218,9305,23218
121,Fouzia Moussaoui,Morocco,Female,F50-54,06:26:11,395.0,44.0,8.0,00:39:52,320.0,36.0,7.0,03:09:31,368.0,35.0,7.0,02:26:32,409.0,50.0,8.0,00:6:56,350.0,43.0,9.0,00:3:20,297.0,34.0,7.0,FIN,05:48:10,359.0,31.0,,2392,11371,8792,416,200,23171,8792,23171
199,Fraser Koefman,United Kingdom,Male,M25-29,05:50:53,293.0,269.0,27.0,00:35:15,203.0,183.0,20.0,02:52:56,260.0,240.0,22.0,02:11:52,350.0,313.0,34.0,00:6:34,333.0,294.0,33.0,00:4:16,383.0,337.0,36.0,FIN,05:48:23,360.0,329.0,,2115,10376,7912,394,256,21053,7912,21053
414,Matthew Pearce,United Kingdom,Male,M45-49,06:28:10,400.0,355.0,53.0,00:50:39,449.0,390.0,61.0,02:59:20,310.0,285.0,43.0,02:26:45,410.0,360.0,52.0,00:8:14,414.0,365.0,53.0,00:3:12,281.0,252.0,37.0,FIN,05:48:29,361.0,330.0,,3039,10760,8805,494,192,23290,8805,23290
546,Kamal Filali Dahni,Morocco,Male,M45-49,06:28:48,403.0,358.0,54.0,00:44:50,404.0,358.0,53.0,03:31:46,446.0,392.0,61.0,01:56:50,236.0,216.0,25.0,00:10:01,448.0,392.0,58.0,00:5:21,426.0,376.0,56.0,FIN,05:49:03,362.0,331.0,,2690,12706,7010,601,321,23328,7010,23328
43,Zineb Tabahate,Morocco,Female,F35-39,06:02:00,331.0,30.0,5.0,00:47:26,437.0,56.0,8.0,03:04:10,335.0,29.0,7.0,02:00:41,275.0,25.0,5.0,00:6:33,329.0,39.0,7.0,00:3:10,273.0,28.0,5.0,FIN,05:49:37,363.0,32.0,,2846,11050,7241,393,190,21720,7241,21720
87,Hajar Bakkouch,Morocco,Female,F30-34,05:55:50,313.0,27.0,4.0,00:46:46,430.0,53.0,7.0,03:07:24,356.0,34.0,4.0,01:54:18,213.0,17.0,4.0,00:4:12,128.0,18.0,3.0,00:3:10,271.0,27.0,3.0,FIN,05:49:42,364.0,33.0,,2806,11244,6858,252,190,21350,6858,21350
192,Soufiane Ettanji,Morocco,Male,M25-29,05:52:32,297.0,273.0,28.0,00:35:13,201.0,181.0,19.0,03:14:45,395.0,356.0,33.0,01:52:54,204.0,191.0,19.0,00:6:19,314.0,278.0,29.0,00:3:21,300.0,265.0,27.0,FIN,05:50:01,365.0,332.0,,2113,11685,6774,379,201,21152,6774,21152
302,SALAHEDDINE OUAARAB,Morocco,Male,M35-39,06:08:57,345.0,314.0,51.0,00:40:27,336.0,297.0,39.0,03:07:15,353.0,321.0,49.0,02:12:01,352.0,315.0,52.0,00:5:49,278.0,248.0,37.0,00:3:25,310.0,274.0,35.0,FIN,05:50:30,366.0,333.0,,2427,11235,7921,349,205,22137,7921,22137
313,Karim Alikkane,Morocco,Male,M40-44,06:18:41,375.0,339.0,67.0,00:49:58,446.0,387.0,72.0,03:06:07,345.0,314.0,66.0,02:10:55,344.0,307.0,67.0,00:8:34,425.0,374.0,72.0,00:3:06,264.0,238.0,57.0,FIN,05:50:44,367.0,334.0,,2998,11167,7855,514,186,22721,7855,22721
481,Ali Abakhti-Mchachti,Morocco,Male,M55-59,06:53:05,436.0,382.0,22.0,00:35:30,211.0,191.0,11.0,02:59:38,311.0,286.0,16.0,03:08:24,461.0,402.0,23.0,00:7:08,364.0,319.0,20.0,00:2:24,176.0,157.0,9.0,FIN,05:53:48,368.0,335.0,,2130,10778,11304,428,144,24785,11304,24785
209,Romain Sabbagh,France,Male,M25-29,05:57:16,318.0,290.0,29.0,00:40:13,327.0,290.0,30.0,03:07:34,357.0,323.0,31.0,01:59:09,262.0,239.0,25.0,00:6:23,320.0,283.0,31.0,00:3:58,361.0,317.0,34.0,FIN,05:54:43,369.0,336.0,,2413,11254,7149,383,238,21436,7149,21436
81,Anouk Biolley,Switzerland,Female,F18-24,05:57:43,321.0,29.0,1.0,00:35:56,223.0,21.0,1.0,03:03:18,329.0,28.0,1.0,02:12:40,356.0,38.0,1.0,00:3:52,96.0,12.0,1.0,00:1:57,90.0,11.0,1.0,FIN,05:54:53,370.0,34.0,1.0,2156,10998,7960,232,117,21463,7960,21463
459,Simo Said,France,Male,M50-54,06:41:51,419.0,370.0,39.0,00:43:29,389.0,347.0,42.0,03:26:24,436.0,385.0,43.0,02:20:04,385.0,341.0,33.0,00:6:47,340.0,299.0,32.0,00:5:06,421.0,372.0,38.0,FIN,05:54:57,371.0,337.0,,2609,12384,8404,407,306,24111,8404,24111
317,Merouan BALLOUT,Morocco,Male,M40-44,06:23:19,388.0,348.0,68.0,00:52:38,453.0,394.0,74.0,03:15:24,399.0,359.0,73.0,02:03:01,292.0,266.0,61.0,00:6:49,342.0,301.0,60.0,00:5:27,429.0,379.0,74.0,FIN,05:55:01,372.0,338.0,,3158,11724,7381,409,327,22999,7381,22999
128,radia bennouna,Morocco,Female,F25-29,05:55:26,308.0,26.0,2.0,00:34:05,156.0,13.0,1.0,03:07:22,355.0,33.0,3.0,02:03:31,297.0,28.0,3.0,00:6:08,302.0,34.0,3.0,00:4:19,390.0,47.0,5.0,FIN,05:55:26,373.0,35.0,,2045,11242,7411,368,259,21326,7411,21326
169,Jesper Van Bondt,Belgium,Male,M18-24,05:55:27,309.0,283.0,18.0,00:44:45,402.0,356.0,23.0,02:59:49,313.0,288.0,17.0,01:56:36,230.0,213.0,17.0,00:9:47,444.0,388.0,24.0,00:4:30,399.0,350.0,22.0,FIN,05:55:27,374.0,339.0,,2685,10789,6996,587,270,21327,6996,21327
150,Rohan Chopra,United Kingdom,Male,M18-24,05:55:28,311.0,285.0,19.0,00:35:31,212.0,192.0,18.0,03:14:36,393.0,354.0,22.0,01:55:04,219.0,202.0,16.0,00:6:28,325.0,288.0,19.0,00:3:49,355.0,312.0,19.0,FIN,05:55:28,375.0,340.0,,2131,11676,6904,388,229,21328,6904,21328
441,Mohamed Wadii El Asri,Morocco,Male,M50-54,06:42:34,423.0,372.0,40.0,00:39:35,315.0,281.0,35.0,02:56:25,285.0,263.0,27.0,02:58:04,457.0,398.0,43.0,00:5:41,267.0,238.0,25.0,00:2:49,231.0,207.0,20.0,FIN,05:55:35,376.0,341.0,,2375,10585,10684,341,169,24154,10684,24154
509,Jad Saadani,France,Male,M25-29,05:58:44,324.0,295.0,30.0,00:39:52,319.0,284.0,29.0,02:59:53,315.0,290.0,28.0,02:08:23,333.0,298.0,32.0,00:7:45,395.0,347.0,39.0,00:2:52,241.0,216.0,24.0,FIN,05:56:11,377.0,342.0,,2392,10793,7703,465,172,21524,7703,21524
137,Bella Turner,United Kingdom,Female,F25-29,05:56:40,315.0,28.0,3.0,00:35:00,193.0,18.0,2.0,03:02:52,328.0,27.0,2.0,01:58:22,252.0,21.0,1.0,00:13:57,460.0,59.0,6.0,00:6:28,446.0,55.0,6.0,FIN,05:56:40,378.0,36.0,,2100,10972,7102,837,388,21400,7102,21400
548,Ossama Khaoua,Morocco,Male,M45-49,06:37:23,413.0,366.0,55.0,00:40:07,324.0,287.0,43.0,03:07:34,358.0,324.0,50.0,02:33:28,424.0,371.0,56.0,00:11:17,454.0,396.0,59.0,00:4:57,416.0,367.0,54.0,FIN,05:56:46,379.0,343.0,,2407,11254,9208,677,297,23843,9208,23843
379,MEHDI BENNIS,Morocco,Male,M45-49,06:37:56,414.0,367.0,56.0,00:36:32,242.0,221.0,33.0,03:23:17,431.0,382.0,59.0,02:26:53,411.0,361.0,53.0,00:7:32,382.0,335.0,51.0,00:3:41,341.0,299.0,46.0,FIN,05:57:15,380.0,344.0,,2192,12197,8813,452,221,23876,8813,23876
108,Hind Alaoui,Morocco,Female,F45-49,06:30:33,405.0,46.0,8.0,00:39:30,312.0,33.0,7.0,03:31:22,443.0,52.0,10.0,02:10:05,340.0,36.0,8.0,00:6:11,308.0,36.0,7.0,00:3:25,312.0,38.0,7.0,FIN,05:58:59,381.0,37.0,,2370,12682,7805,371,205,23433,7805,23433
224,Ismael Bouayad,Morocco,Male,M30-34,06:11:56,355.0,322.0,38.0,00:43:03,384.0,342.0,45.0,03:13:25,388.0,350.0,42.0,02:07:15,325.0,291.0,40.0,00:4:56,200.0,176.0,23.0,00:3:17,291.0,260.0,34.0,FIN,05:59:06,382.0,345.0,,2583,11605,7635,296,197,22316,7635,22316
134,Francoise Martinez,France,Female,F55-59,06:51:02,432.0,54.0,3.0,00:38:01,286.0,29.0,2.0,03:34:39,450.0,55.0,3.0,02:29:12,414.0,52.0,3.0,00:5:55,286.0,33.0,3.0,00:3:14,284.0,31.0,3.0,FIN,05:59:29,383.0,38.0,,2281,12879,8952,355,194,24662,8952,24662
194,Valters Finartijs,Latvia,Male,M25-29,06:02:38,333.0,303.0,31.0,00:33:52,150.0,138.0,16.0,02:58:28,302.0,278.0,27.0,02:19:37,381.0,338.0,37.0,00:7:38,391.0,344.0,37.0,00:3:02,254.0,229.0,25.0,FIN,06:00:03,384.0,346.0,,2032,10708,8377,458,182,21758,8377,21758
250,Michaël Scofield,Morocco,Male,M30-34,06:13:03,360.0,326.0,39.0,00:41:29,352.0,312.0,39.0,03:14:21,391.0,352.0,43.0,02:02:41,288.0,262.0,36.0,00:9:35,442.0,386.0,49.0,00:4:57,415.0,366.0,49.0,FIN,06:00:10,385.0,347.0,,2489,11661,7361,575,297,22383,7361,22383
189,WALID-SAMY EL MESSAOUDI,Morocco,Male,M25-29,06:03:00,336.0,306.0,32.0,00:38:56,299.0,269.0,27.0,03:16:11,401.0,360.0,34.0,01:57:21,242.0,222.0,23.0,00:6:33,330.0,291.0,32.0,00:3:59,362.0,318.0,35.0,FIN,06:00:25,386.0,348.0,,2336,11771,7041,393,239,21780,7041,21780
156,Rokas Judickas,Lithuania,Male,M18-24,06:00:41,328.0,299.0,20.0,00:41:35,353.0,313.0,21.0,03:09:28,367.0,333.0,19.0,01:59:17,266.0,243.0,19.0,00:6:52,345.0,304.0,21.0,00:3:28,315.0,277.0,18.0,FIN,06:00:41,387.0,349.0,,2495,11368,7157,412,208,21641,7157,21641
323,Benjamin Boje,Germany,Male,M40-44,06:29:40,404.0,359.0,69.0,00:45:53,420.0,370.0,69.0,03:00:42,319.0,294.0,62.0,02:32:21,421.0,368.0,73.0,00:6:52,347.0,306.0,62.0,00:3:51,357.0,313.0,65.0,FIN,06:00:54,388.0,350.0,,2753,10842,9141,412,231,23380,9141,23380
394,Amine El Kassy,Morocco,Male,M45-49,06:42:12,421.0,371.0,57.0,00:46:13,426.0,374.0,59.0,03:18:00,408.0,367.0,58.0,02:21:56,395.0,348.0,49.0,00:9:59,446.0,390.0,57.0,00:6:03,440.0,389.0,58.0,FIN,06:01:05,389.0,351.0,,2773,11880,8516,599,363,24132,8516,24132
297,Younes Lidary,Morocco,Male,M35-39,06:20:53,383.0,344.0,52.0,00:33:37,143.0,133.0,18.0,03:12:56,385.0,348.0,53.0,02:24:21,401.0,353.0,55.0,00:6:40,335.0,295.0,42.0,00:3:19,295.0,262.0,33.0,FIN,06:01:50,390.0,352.0,,2017,11576,8661,400,199,22853,8661,22853
306,Mohammed SALIHOUN,Morocco,Male,M35-39,06:20:54,384.0,345.0,53.0,00:50:43,450.0,391.0,55.0,03:14:40,394.0,355.0,54.0,02:03:54,303.0,274.0,47.0,00:8:01,406.0,357.0,53.0,00:3:37,334.0,293.0,40.0,FIN,06:01:51,391.0,353.0,,3043,11680,7434,481,217,22854,7434,22854
259,youssef taifouri,Morocco,Male,M30-34,06:15:26,368.0,334.0,40.0,00:40:23,332.0,293.0,33.0,03:20:02,416.0,370.0,45.0,02:02:47,290.0,264.0,37.0,00:7:36,387.0,340.0,39.0,00:4:39,406.0,357.0,45.0,FIN,06:02:28,392.0,354.0,,2423,12002,7367,456,279,22526,7367,22526
287,Theyab Alhajeri,United Arab Emirates,Male,M35-39,06:21:58,386.0,347.0,54.0,00:45:56,421.0,371.0,49.0,03:02:34,327.0,301.0,46.0,02:24:17,399.0,352.0,54.0,00:6:17,311.0,275.0,41.0,00:2:54,243.0,218.0,29.0,FIN,06:02:52,393.0,355.0,,2756,10954,8657,377,174,22918,8657,22918
88,Souki Benchekroun,Morocco,Female,F30-34,06:09:25,349.0,32.0,5.0,00:38:34,294.0,30.0,3.0,03:18:40,410.0,43.0,5.0,02:04:59,313.0,32.0,5.0,00:5:07,218.0,27.0,4.0,00:2:06,112.0,16.0,2.0,FIN,06:03:03,394.0,39.0,,2314,11920,7499,307,126,22165,7499,22165
94,Amal Chaoui,Morocco,Female,F35-39,06:16:17,369.0,35.0,6.0,00:48:31,442.0,59.0,11.0,03:01:20,321.0,26.0,6.0,02:18:10,376.0,43.0,10.0,00:5:30,248.0,28.0,5.0,00:2:47,229.0,24.0,4.0,FIN,06:03:24,395.0,40.0,,2911,10880,8290,330,167,22577,8290,22577
243,EL MEHDI MANSOURA,Morocco,Male,M30-34,06:16:46,371.0,336.0,41.0,00:36:24,236.0,215.0,21.0,03:12:14,379.0,343.0,41.0,02:18:52,377.0,334.0,42.0,00:4:21,140.0,122.0,18.0,00:4:55,414.0,365.0,48.0,FIN,06:03:46,396.0,356.0,,2184,11534,8332,261,295,22606,8332,22606
462,KHALID SLASSI,Morocco,Male,M50-54,06:52:04,434.0,380.0,41.0,00:42:40,379.0,337.0,41.0,03:09:21,366.0,332.0,35.0,02:45:16,449.0,390.0,42.0,00:8:02,407.0,358.0,41.0,00:6:45,450.0,394.0,41.0,FIN,06:03:58,397.0,357.0,,2560,11361,9916,482,405,24724,9916,24724
373,ZOUBAIR ABDESSAMAD,Morocco,Male,M40-44,06:33:02,410.0,363.0,70.0,01:02:15,460.0,401.0,77.0,03:12:28,381.0,345.0,71.0,02:04:18,305.0,275.0,62.0,00:9:27,439.0,383.0,76.0,00:4:35,404.0,355.0,69.0,FIN,06:04:01,398.0,358.0,,3735,11548,7458,567,275,23582,7458,23582
197,Lewis Goldie,United Kingdom,Male,M25-29,06:07:18,344.0,313.0,33.0,00:34:28,169.0,156.0,18.0,03:16:18,403.0,362.0,35.0,02:02:50,291.0,265.0,30.0,00:8:04,410.0,361.0,40.0,00:5:39,431.0,381.0,42.0,FIN,06:04:41,399.0,359.0,,2068,11778,7370,484,339,22038,7370,22038
106,Meryem Ouarid,Morocco,Female,F40-44,06:27:37,398.0,45.0,4.0,00:37:55,283.0,28.0,4.0,03:14:10,390.0,39.0,4.0,02:25:12,405.0,49.0,6.0,00:6:38,334.0,40.0,5.0,00:3:42,343.0,43.0,4.0,FIN,06:05:22,400.0,41.0,,2275,11650,8712,398,222,23257,8712,23257
229,nasser elkheir,Morocco,Male,M30-34,06:18:44,376.0,340.0,42.0,00:58:08,457.0,398.0,52.0,03:09:57,371.0,336.0,40.0,01:59:06,261.0,238.0,34.0,00:7:48,398.0,350.0,42.0,00:3:45,346.0,303.0,39.0,FIN,06:05:40,401.0,360.0,,3488,11397,7146,468,225,22724,7146,22724
141,Saloua Belhabchia,Morocco,Female,F35-39,06:18:51,377.0,37.0,7.0,00:47:54,439.0,58.0,10.0,03:15:14,398.0,40.0,9.0,02:03:53,302.0,29.0,6.0,00:8:31,423.0,51.0,9.0,00:3:19,294.0,33.0,6.0,FIN,06:05:53,402.0,42.0,,2874,11714,7433,511,199,22731,7433,22731
456,DOMENICO PADUANO,Italy,Male,M50-54,06:54:31,438.0,384.0,42.0,00:40:46,341.0,302.0,37.0,03:21:41,424.0,378.0,41.0,02:40:26,443.0,388.0,41.0,00:7:50,401.0,352.0,39.0,00:3:47,352.0,309.0,34.0,FIN,06:06:08,403.0,361.0,,2446,12101,9626,470,227,24871,9626,24871
99,Mireille Ruepert,Netherlands,Female,F35-39,06:19:12,379.0,38.0,8.0,00:39:55,321.0,37.0,5.0,02:50:18,237.0,17.0,3.0,02:40:54,444.0,56.0,11.0,00:4:28,154.0,21.0,3.0,00:3:37,333.0,41.0,8.0,FIN,06:06:13,404.0,43.0,,2395,10218,9654,268,217,22752,9654,22752
398,Mohammed ELKOUHEN,Morocco,Male,M45-49,06:48:01,427.0,376.0,58.0,00:36:01,226.0,205.0,30.0,03:13:17,387.0,349.0,55.0,02:37:40,435.0,380.0,58.0,00:12:56,459.0,401.0,60.0,00:8:07,456.0,398.0,60.0,FIN,06:06:19,405.0,362.0,,2161,11597,9460,776,487,24481,9460,24481
360,Florian REBOUL,France,Male,M40-44,06:37:14,412.0,365.0,71.0,00:44:28,398.0,353.0,66.0,03:03:51,332.0,304.0,65.0,02:37:54,436.0,381.0,76.0,00:8:38,427.0,375.0,73.0,00:2:22,171.0,153.0,36.0,FIN,06:07:55,406.0,363.0,,2668,11031,9474,518,142,23834,9474,23834
120,Samira Erraidi,Morocco,Female,F50-54,06:49:30,429.0,52.0,9.0,00:46:06,424.0,51.0,9.0,03:23:42,432.0,50.0,9.0,02:30:30,417.0,53.0,9.0,00:5:52,283.0,31.0,6.0,00:3:21,298.0,35.0,8.0,FIN,06:09:12,407.0,44.0,,2766,12222,9030,352,201,24570,9030,24570
166,Kristijonas Sidlauskas,Lithuania,Male,M18-24,06:09:19,348.0,317.0,21.0,00:43:53,393.0,350.0,22.0,03:03:28,330.0,302.0,18.0,02:10:10,341.0,305.0,22.0,00:7:18,374.0,327.0,23.0,00:4:29,397.0,348.0,21.0,FIN,06:09:19,408.0,364.0,,2633,11008,7810,438,269,22159,7810,22159
113,SANAA NABIL,Morocco,Female,F45-49,06:42:12,420.0,50.0,9.0,00:46:10,425.0,52.0,11.0,03:19:06,411.0,44.0,8.0,02:21:56,394.0,47.0,9.0,00:9:08,435.0,56.0,10.0,00:5:51,435.0,51.0,8.0,FIN,06:09:42,409.0,45.0,,2770,11946,8516,548,351,24132,8516,24132
102,Meriem Tsunami Boutaib,Morocco,Female,F40-44,06:32:47,409.0,47.0,5.0,00:43:54,394.0,44.0,6.0,03:31:35,444.0,53.0,6.0,02:07:07,324.0,34.0,4.0,00:6:10,307.0,35.0,4.0,00:4:02,367.0,46.0,5.0,FIN,06:10:14,410.0,46.0,,2634,12695,7627,370,242,23567,7627,23567
95,Hollie Coe,United Kingdom,Female,F35-39,06:23:40,389.0,41.0,9.0,00:41:48,359.0,41.0,6.0,03:21:52,425.0,47.0,11.0,02:10:14,342.0,37.0,7.0,00:6:22,319.0,37.0,6.0,00:3:25,311.0,37.0,7.0,FIN,06:10:32,411.0,47.0,,2508,12112,7814,382,205,23020,7814,23020
434,Younes Boulben El Fallah,Belgium,Male,M50-54,06:59:44,443.0,388.0,43.0,00:47:21,436.0,381.0,43.0,03:15:06,397.0,358.0,39.0,02:38:53,438.0,383.0,40.0,00:11:24,455.0,397.0,43.0,00:6:59,453.0,396.0,43.0,FIN,06:10:45,412.0,365.0,,2841,11706,9533,684,419,25184,9533,25184
506,Jabrane AMARIR,Morocco,Male,M25-29,06:14:04,365.0,331.0,34.0,00:44:25,397.0,352.0,38.0,03:04:07,334.0,306.0,30.0,02:15:33,369.0,330.0,36.0,00:5:33,255.0,227.0,24.0,00:4:26,395.0,347.0,40.0,FIN,06:11:24,413.0,366.0,,2665,11047,8133,333,266,22444,8133,22444
96,Hind El Bakkali El Hassani,Morocco,Female,F35-39,06:24:46,390.0,42.0,10.0,00:33:46,148.0,12.0,2.0,03:16:06,400.0,41.0,10.0,02:16:01,371.0,40.0,9.0,00:8:35,426.0,52.0,10.0,00:10:18,459.0,59.0,11.0,FIN,06:11:36,414.0,48.0,,2026,11766,8161,515,618,23086,8161,23086
222,Amine Benkirane,Morocco,Male,M30-34,06:25:29,392.0,349.0,43.0,00:42:19,370.0,328.0,43.0,03:00:07,316.0,291.0,37.0,02:32:58,423.0,370.0,46.0,00:5:18,233.0,206.0,25.0,00:4:47,410.0,361.0,46.0,FIN,06:12:11,415.0,367.0,,2539,10807,9178,318,287,23129,9178,23129
97,Houda HADI,Morocco,Female,F35-39,06:25:24,391.0,43.0,11.0,00:45:50,417.0,50.0,7.0,03:13:00,386.0,38.0,8.0,02:13:05,359.0,39.0,8.0,00:9:03,433.0,55.0,11.0,00:4:26,396.0,49.0,10.0,FIN,06:12:13,416.0,49.0,,2750,11580,7985,543,266,23124,7985,23124
154,Ilyass Harrasse,Morocco,Male,M18-24,06:13:06,361.0,327.0,22.0,00:36:32,241.0,220.0,19.0,03:20:52,418.0,372.0,23.0,02:04:51,311.0,280.0,20.0,00:5:50,282.0,252.0,18.0,00:5:02,419.0,370.0,24.0,FIN,06:13:06,417.0,368.0,,2192,12052,7491,350,302,22386,7491,22386
151,Oscar Cruz-O'Dwyer,United Kingdom,Male,M18-24,06:13:13,362.0,328.0,23.0,00:30:23,74.0,70.0,11.0,03:12:33,382.0,346.0,21.0,02:19:17,379.0,336.0,23.0,00:6:28,326.0,289.0,20.0,00:4:33,402.0,353.0,23.0,FIN,06:13:13,418.0,369.0,,1823,11553,8357,388,273,22393,8357,22393
567,ABDELMOUNEIM AHID,Morocco,Male,M40-44,06:43:52,424.0,373.0,72.0,00:38:48,297.0,267.0,49.0,03:09:52,369.0,334.0,69.0,02:39:01,439.0,384.0,77.0,00:10:47,452.0,394.0,77.0,00:5:24,427.0,377.0,72.0,FIN,06:14:03,419.0,370.0,,2328,11392,9541,647,324,24232,9541,24232
227,HICHAM EL AZOUDY,Morocco,Male,M30-34,06:27:54,399.0,354.0,44.0,00:43:57,395.0,351.0,47.0,03:04:13,336.0,307.0,38.0,02:26:08,407.0,358.0,45.0,00:9:50,445.0,389.0,50.0,00:3:45,347.0,304.0,40.0,FIN,06:14:31,420.0,371.0,,2637,11053,8768,590,225,23274,8768,23274
242,Ali Lozzi,Morocco,Male,M30-34,06:28:17,401.0,356.0,45.0,00:44:38,400.0,354.0,48.0,02:57:02,289.0,266.0,33.0,02:33:49,425.0,372.0,47.0,00:7:46,396.0,348.0,40.0,00:5:02,420.0,371.0,50.0,FIN,06:14:53,421.0,372.0,,2678,10622,9229,466,302,23297,9229,23297
183,Fabio Cillario,Italy,Male,M25-29,06:17:39,373.0,338.0,35.0,00:32:53,123.0,114.0,11.0,03:37:18,453.0,396.0,41.0,01:55:56,225.0,208.0,22.0,00:8:09,411.0,362.0,41.0,00:3:23,306.0,271.0,29.0,FIN,06:14:58,422.0,373.0,,1973,13038,6956,489,203,22659,6956,22659
347,Markus Leipelt,Germany,Male,M40-44,06:45:26,425.0,374.0,73.0,00:40:25,333.0,294.0,54.0,03:09:56,370.0,335.0,70.0,02:36:56,432.0,378.0,75.0,00:8:28,421.0,371.0,70.0,00:9:41,458.0,400.0,77.0,FIN,06:15:30,423.0,374.0,,2425,11396,9416,508,581,24326,9416,24326
104,KARIMA LAAZIZ,Morocco,Female,F40-44,06:38:56,416.0,48.0,6.0,00:41:55,361.0,42.0,5.0,03:22:54,430.0,49.0,5.0,02:20:40,389.0,46.0,5.0,00:6:59,354.0,44.0,6.0,00:6:28,445.0,54.0,6.0,FIN,06:16:02,424.0,50.0,,2515,12174,8440,419,388,23936,8440,23936
133,Fatima Lahricha,Morocco,Female,F55-59,07:10:38,452.0,57.0,4.0,00:45:48,416.0,49.0,3.0,03:36:31,452.0,57.0,4.0,02:36:56,433.0,55.0,4.0,00:7:02,358.0,45.0,4.0,00:4:21,391.0,48.0,4.0,FIN,06:16:37,425.0,51.0,,2748,12991,9416,422,261,25838,9416,25838
266,Mehdi Bathily,France,Male,M35-39,06:36:45,411.0,364.0,55.0,00:50:34,447.0,388.0,53.0,03:22:48,428.0,380.0,57.0,02:10:03,339.0,304.0,51.0,00:6:51,344.0,303.0,44.0,00:6:29,447.0,392.0,57.0,FIN,06:16:54,426.0,375.0,,3034,12168,7803,411,389,23805,7803,23805
363,Samir Ibourk,Morocco,Male,M40-44,06:47:04,426.0,375.0,74.0,00:46:25,427.0,375.0,70.0,03:48:06,457.0,400.0,77.0,02:00:08,271.0,247.0,56.0,00:8:32,424.0,373.0,71.0,00:3:53,358.0,314.0,66.0,FIN,06:17:01,427.0,376.0,,2785,13686,7208,512,233,24424,7208,24424
342,Hamid Kabbage,Morocco,Male,M40-44,06:52:29,435.0,381.0,75.0,00:53:51,454.0,395.0,75.0,03:43:19,456.0,399.0,76.0,02:06:03,317.0,285.0,64.0,00:6:34,332.0,293.0,57.0,00:2:43,220.0,197.0,51.0,FIN,06:22:02,428.0,377.0,,3231,13399,7563,394,163,24749,7563,24749
83,DIANE MARQUET DE VASSELOT,France,Female,F25-29,06:22:37,387.0,40.0,4.0,00:40:56,345.0,40.0,5.0,03:12:52,384.0,37.0,5.0,02:19:49,383.0,44.0,4.0,00:6:31,327.0,38.0,4.0,00:2:29,188.0,21.0,3.0,FIN,06:22:37,429.0,52.0,,2456,11572,8389,391,149,22957,8389,22957
170,ILYASSE ACHAOUI,Morocco,Male,M25-29,06:25:38,393.0,350.0,36.0,00:46:27,428.0,376.0,39.0,03:29:51,441.0,390.0,38.0,01:59:23,267.0,244.0,27.0,00:6:10,306.0,272.0,28.0,00:3:46,351.0,308.0,32.0,FIN,06:22:53,430.0,378.0,,2787,12591,7163,370,226,23138,7163,23138
190,Yassir Elamrani,Morocco,Male,M25-29,06:27:07,397.0,353.0,37.0,00:39:49,318.0,283.0,28.0,03:24:20,434.0,383.0,37.0,02:11:39,348.0,311.0,33.0,00:7:01,357.0,313.0,34.0,00:4:17,385.0,339.0,37.0,FIN,06:24:22,431.0,379.0,,2389,12260,7899,421,257,23227,7899,23227
115,Chadia Saidi,Morocco,Female,F45-49,06:58:27,441.0,55.0,10.0,00:44:36,399.0,46.0,10.0,03:35:06,451.0,56.0,11.0,02:24:21,400.0,48.0,10.0,00:8:15,415.0,50.0,8.0,00:6:09,442.0,52.0,9.0,FIN,06:24:38,432.0,53.0,,2676,12906,8661,495,369,25107,8661,25107
400,Frédéric MONCOMBLE,France,Male,M45-49,07:08:40,448.0,392.0,59.0,00:42:40,380.0,338.0,51.0,03:11:04,374.0,339.0,53.0,03:04:50,460.0,401.0,61.0,00:7:04,359.0,314.0,46.0,00:3:03,256.0,231.0,32.0,FIN,06:24:51,433.0,380.0,,2560,11464,11090,424,183,25720,11090,25720
181,zakaria boutraba,Morocco,Male,M25-29,06:28:21,402.0,357.0,38.0,00:49:16,444.0,385.0,41.0,03:16:34,404.0,363.0,36.0,02:14:37,365.0,326.0,35.0,00:4:32,162.0,141.0,14.0,00:3:21,302.0,267.0,28.0,FIN,06:25:35,434.0,381.0,,2956,11794,8077,272,201,23301,8077,23301
409,Adyl Melhaoui,Morocco,Male,M45-49,07:10:20,451.0,395.0,60.0,00:35:11,199.0,180.0,25.0,03:16:46,406.0,365.0,57.0,03:03:29,459.0,400.0,60.0,00:8:54,431.0,378.0,55.0,00:6:00,438.0,387.0,57.0,FIN,06:26:21,435.0,382.0,,2111,11806,11009,534,360,25820,11009,25820
536,REDA ELKOTBI,Morocco,Male,M40-44,06:57:10,439.0,385.0,76.0,00:48:22,440.0,382.0,71.0,03:21:21,421.0,375.0,74.0,02:32:29,422.0,369.0,74.0,00:9:11,436.0,380.0,75.0,00:5:46,434.0,384.0,76.0,FIN,06:26:22,436.0,383.0,,2902,12081,9149,551,346,25030,9149,25030
226,Andres Cester Robert,Spain,Male,M30-34,06:41:10,418.0,369.0,46.0,00:40:46,340.0,301.0,37.0,03:21:00,419.0,373.0,46.0,02:24:57,403.0,355.0,44.0,00:8:23,418.0,368.0,46.0,00:6:03,439.0,388.0,51.0,FIN,06:27:19,437.0,384.0,,2446,12060,8697,503,363,24070,8697,24070
468,Hakim Charrat,Morocco,Male,M55-59,07:32:46,457.0,400.0,23.0,00:44:44,401.0,355.0,22.0,03:42:14,455.0,398.0,23.0,02:51:30,454.0,395.0,22.0,00:10:00,447.0,391.0,23.0,00:4:18,386.0,340.0,20.0,FIN,06:27:47,438.0,385.0,,2684,13334,10290,600,258,27166,10290,27166
305,Alexandre Ramrami,Morocco,Male,M35-39,06:48:22,428.0,377.0,56.0,00:47:05,432.0,378.0,51.0,03:08:03,362.0,328.0,51.0,02:39:36,442.0,387.0,57.0,00:7:11,367.0,322.0,47.0,00:6:27,444.0,391.0,56.0,FIN,06:27:56,439.0,386.0,,2825,11283,9576,431,387,24502,9576,24502
339,fouad ET-TAYYEBY,Morocco,Male,M40-44,06:59:21,442.0,387.0,77.0,00:55:13,456.0,397.0,76.0,03:26:39,437.0,386.0,75.0,02:25:25,406.0,357.0,72.0,00:7:21,377.0,330.0,65.0,00:4:43,409.0,360.0,71.0,FIN,06:28:24,440.0,387.0,,3313,12399,8725,441,283,25161,8725,25161
111,Caroline Gale,Monaco,Female,F45-49,07:06:54,447.0,56.0,11.0,00:44:23,396.0,45.0,9.0,03:23:48,433.0,51.0,9.0,02:43:22,447.0,58.0,11.0,00:9:02,432.0,54.0,9.0,00:6:19,443.0,53.0,10.0,FIN,06:32:24,441.0,54.0,,2663,12228,9802,542,379,25614,9802,25614
304,SALAH RABBAH,Morocco,Male,M35-39,06:53:45,437.0,383.0,57.0,00:58:56,458.0,399.0,58.0,03:24:36,435.0,384.0,58.0,02:19:09,378.0,335.0,53.0,00:6:05,298.0,265.0,39.0,00:4:58,417.0,368.0,53.0,FIN,06:33:03,442.0,388.0,,3536,12276,8349,365,298,24825,8349,24825
376,Aziz Allach,Netherlands,Male,M45-49,07:18:29,453.0,396.0,61.0,00:47:07,433.0,379.0,60.0,03:29:05,440.0,389.0,60.0,02:50:46,453.0,394.0,59.0,00:7:23,378.0,331.0,49.0,00:4:08,373.0,327.0,50.0,FIN,06:33:40,443.0,389.0,,2827,12545,10246,443,248,26309,10246,26309
138,Natalia Esteba Torres,Spain,Female,F30-34,06:41:10,417.0,49.0,6.0,00:39:03,303.0,32.0,4.0,03:22:20,427.0,48.0,6.0,02:27:21,412.0,51.0,7.0,00:8:48,430.0,53.0,6.0,00:3:38,335.0,42.0,6.0,FIN,06:34:15,444.0,55.0,,2343,12140,8841,528,218,24070,8841,24070
200,Liudvikas Kulvietis,Lithuania,Male,M25-29,06:38:18,415.0,368.0,39.0,00:48:24,441.0,383.0,40.0,03:02:15,325.0,299.0,29.0,02:38:15,437.0,382.0,40.0,00:4:15,132.0,114.0,10.0,00:5:10,422.0,373.0,41.0,FIN,06:35:28,445.0,390.0,,2904,10935,9495,255,310,23898,9495,23898
244,Abderrahmane Marehoum,Morocco,Male,M30-34,06:50:54,431.0,378.0,47.0,00:44:48,403.0,357.0,49.0,03:21:24,422.0,376.0,47.0,02:35:19,428.0,375.0,48.0,00:5:49,274.0,244.0,30.0,00:3:34,325.0,286.0,38.0,FIN,06:36:43,446.0,391.0,,2688,12084,9319,349,214,24654,9319,24654
258,Naim Taibi,Luxembourg,Male,M30-34,06:51:48,433.0,379.0,48.0,00:42:17,367.0,325.0,41.0,03:33:44,447.0,393.0,51.0,02:19:52,384.0,340.0,43.0,00:12:22,458.0,400.0,52.0,00:3:33,324.0,285.0,37.0,FIN,06:37:35,447.0,392.0,,2537,12824,8392,742,213,24708,8392,24708
84,Ellie Morgan,United Kingdom,Female,F25-29,06:42:26,422.0,51.0,5.0,00:39:34,314.0,34.0,4.0,03:11:48,378.0,36.0,4.0,02:42:05,445.0,57.0,5.0,00:5:41,266.0,29.0,2.0,00:3:18,292.0,32.0,4.0,FIN,06:42:26,448.0,56.0,,2374,11508,9725,341,198,24146,9725,24146
218,Anbar Ayoujil,Morocco,Male,M30-34,06:57:12,440.0,386.0,49.0,00:40:45,339.0,300.0,36.0,03:07:54,361.0,327.0,39.0,02:55:40,455.0,396.0,52.0,00:8:04,409.0,360.0,45.0,00:4:50,412.0,363.0,47.0,FIN,06:42:48,449.0,393.0,,2445,11274,10540,484,290,25032,10540,25032
129,HOUDA AZMI,Morocco,Female,F30-34,06:50:13,430.0,53.0,7.0,00:40:15,328.0,38.0,5.0,03:31:37,445.0,54.0,7.0,02:20:11,386.0,45.0,6.0,00:10:38,451.0,58.0,7.0,00:7:33,455.0,58.0,7.0,FIN,06:43:09,450.0,57.0,,2415,12697,8411,638,453,24613,8411,24613
233,Mikael Gross,Switzerland,Male,M30-34,07:02:51,444.0,389.0,50.0,00:40:27,335.0,296.0,34.0,03:28:06,439.0,388.0,50.0,02:43:12,446.0,389.0,50.0,00:8:02,408.0,359.0,44.0,00:3:03,255.0,230.0,29.0,FIN,06:48:15,451.0,394.0,,2427,12486,9792,482,183,25371,9792,25371
228,Anass El Mandili,Morocco,Male,M30-34,07:04:29,445.0,390.0,51.0,00:41:29,351.0,311.0,38.0,03:22:51,429.0,381.0,49.0,02:37:30,434.0,379.0,49.0,00:11:30,456.0,398.0,51.0,00:11:09,460.0,401.0,52.0,FIN,06:49:50,452.0,395.0,,2489,12171,9450,690,669,25469,9450,25469
174,MARDY ANAS,Morocco,Male,M25-29,07:05:59,446.0,391.0,40.0,00:42:27,376.0,334.0,35.0,03:34:26,449.0,395.0,40.0,02:39:08,441.0,386.0,41.0,00:7:43,394.0,346.0,38.0,00:2:16,139.0,122.0,14.0,FIN,07:02:57,453.0,396.0,,2547,12866,9548,463,136,25559,9548,25559
262,Hitesh Adwani,India,Male,M35-39,07:25:19,456.0,399.0,58.0,00:52:32,452.0,393.0,56.0,03:15:01,396.0,357.0,55.0,02:55:48,456.0,397.0,58.0,00:9:07,434.0,379.0,57.0,00:12:50,461.0,402.0,59.0,FIN,07:03:03,454.0,397.0,,3152,11701,10548,547,770,26719,10548,26719
239,Younes Laklalech,Morocco,Male,M30-34,07:19:35,454.0,397.0,52.0,00:49:06,443.0,384.0,51.0,03:33:56,448.0,394.0,52.0,02:45:36,450.0,391.0,51.0,00:6:25,321.0,284.0,34.0,00:4:33,401.0,352.0,44.0,FIN,07:04:25,455.0,398.0,,2946,12836,9936,385,273,26375,9936,26375
205,Dimitri Neault,France,Male,M25-29,07:09:41,449.0,393.0,41.0,00:43:06,386.0,344.0,36.0,03:31:02,442.0,391.0,39.0,02:46:00,451.0,392.0,42.0,00:7:10,366.0,321.0,36.0,00:2:22,166.0,149.0,18.0,FIN,07:06:37,456.0,399.0,,2586,12662,9960,430,142,25781,9960,25781
103,Maha IDRISSI AOUAD,Morocco,Female,F40-44,07:33:35,458.0,58.0,7.0,00:47:11,434.0,55.0,7.0,03:56:26,459.0,58.0,7.0,02:35:46,429.0,54.0,7.0,00:7:41,392.0,48.0,7.0,00:6:30,448.0,56.0,7.0,FIN,07:07:32,457.0,58.0,,2831,14186,9346,461,390,27215,9346,27215
153,CHARIF GHILANI,Morocco,Male,M18-24,07:24:29,455.0,398.0,24.0,00:46:03,423.0,373.0,24.0,03:41:31,454.0,397.0,24.0,02:46:51,452.0,393.0,24.0,00:7:14,369.0,324.0,22.0,00:2:50,236.0,211.0,17.0,FIN,07:24:29,458.0,400.0,,2763,13291,10011,434,170,26669,8956,25614
198,Manav Jain,India,Male,M25-29,07:39:38,459.0,401.0,42.0,01:00:27,459.0,400.0,42.0,03:59:02,460.0,402.0,42.0,02:26:11,408.0,359.0,39.0,00:9:40,443.0,387.0,42.0,00:4:18,387.0,341.0,38.0,FIN,07:36:22,459.0,401.0,,3627,14342,8771,580,258,27578,8771,27578
82,Nada Charraoue,Morocco,Female,F25-29,07:42:38,460.0,59.0,6.0,00:45:08,408.0,47.0,6.0,04:04:43,461.0,59.0,6.0,02:43:39,448.0,59.0,6.0,00:7:15,371.0,47.0,5.0,00:1:53,77.0,9.0,2.0,FIN,07:42:38,460.0,59.0,,2708,14683,9819,435,113,27758,9819,27758
280,Issam EL-GHAFFOULI,Morocco,Male,M35-39,08:11:43,461.0,402.0,59.0,01:07:01,461.0,402.0,59.0,03:50:59,458.0,401.0,59.0,02:58:21,458.0,399.0,59.0,00:11:11,453.0,395.0,59.0,00:4:12,380.0,334.0,48.0,FIN,07:47:07,461.0,402.0,,4021,13859,10701,671,252,29503,10701,29503
438,Daniele Demartis,Italy,Male,M50-54,00:0:0,,,,00:0:0,,,,00:0:0,,,,00:0:0,,,,00:0:0,,,,00:0:0,,,,DNS,00:0:0,,,,0,0,0,0,0,0,0,0
479,Laurent Jalabert,France,Male,M55-59,00:0:0,,,,00:0:0,,,,00:0:0,,,,00:0:0,,,,00:0:0,,,,00:0:0,,,,DNS,00:0:0,,,,0,0,0,0,0,0,0,0
162,Jules ROY,France,Male,M18-24,00:0:0,,,,00:23:09,,,,00:0:0,,,,00:0:0,,,,00:2:26,,,,00:0:0,,,,DNF,00:0:0,,,,1389,0,0,146,0,0,0,0
215,Salem Alneyadi,United Arab Emirates,Male,M30-34,00:0:0,,,,00:0:0,,,,00:0:0,,,,00:0:0,,,,00:0:0,,,,00:0:0,,,,DNS,00:0:0,,,,0,0,0,0,0,0,0,0
461,Aakash Singh,India,Male,M50-54,00:0:0,,,,00:0:0,,,,00:0:0,,,,00:0:0,,,,00:0:0,,,,00:0:0,,,,DNS,00:0:0,,,,0,0,0,0,0,0,0,0
66,Ahmed Majt,Morocco,Male,M40-44,00:0:0,,,,00:0:0,,,,00:0:0,,,,00:0:0,,,,00:0:0,,,,00:0:0,,,,DNS,00:0:0,,,,0,0,0,0,0,0,0,0
63,M’hamed Chraibi,Morocco,Male,M40-44,00:0:0,,,,00:0:0,,,,00:0:0,,,,00:0:0,,,,00:0:0,,,,00:0:0,,,,DNS,00:0:0,,,,0,0,0,0,0,0,0,0
188,Adam EL IDRISSI JALLAL,Morocco,Male,M25-29,00:0:0,,,,00:59:31,,,,03:58:21,,,,02:11:06,,,,00:13:47,,,,00:7:55,,,,DNF,00:0:0,,,,3571,14301,7866,827,475,0,7866,0
74,Hicham Benaamara,Morocco,Male,M40-44,00:0:0,,,,00:0:0,,,,00:0:0,,,,00:0:0,,,,00:0:0,,,,00:0:0,,,,DNS,00:0:0,,,,0,0,0,0,0,0,0,0
127,Nadia Dadoun,Morocco,Female,F65-69,00:0:0,,,,01:14:18,,,,00:0:0,,,,00:0:0,,,,00:0:0,,,,00:0:0,,,,DNF,00:0:0,,,,4458,0,0,0,0,0,0,0
368,Youssef TOUIL,Morocco,Male,M40-44,00:0:0,,,,00:0:0,,,,00:0:0,,,,00:0:0,,,,00:0:0,,,,00:0:0,,,,DNS,00:0:0,,,,0,0,0,0,0,0,0,0
444,Tison Gregory,France,Male,M50-54,00:0:0,,,,00:0:0,,,,00:0:0,,,,00:0:0,,,,00:0:0,,,,00:0:0,,,,DNS,00:0:0,,,,0,0,0,0,0,0,0,0
41,Ludovic CHARASSE,France,Male,M55-59,00:0:0,,,,00:0:0,,,,00:0:0,,,,00:0:0,,,,00:0:0,,,,00:0:0,,,,DNS,00:0:0,,,,0,0,0,0,0,0,0,0
451,Serhane Mourad,Morocco,Male,M50-54,00:0:0,,,,00:45:13,,,,03:27:44,,,,00:0:0,,,,00:11:02,,,,00:4:52,,,,DNF,00:0:0,,,,2713,12464,0,662,292,0,0,0
440,Jamal El Aoufi,Morocco,Male,M50-54,00:0:0,,,,00:45:45,,,,00:0:0,,,,00:0:0,,,,00:0:0,,,,00:0:0,,,,DNF,00:0:0,,,,2745,0,0,0,0,0,0,0
278,Badr Darik,Morocco,Male,M35-39,00:0:0,,,,00:0:0,,,,00:0:0,,,,00:0:0,,,,00:0:0,,,,00:0:0,,,,DNS,00:0:0,,,,0,0,0,0,0,0,0,0
2,Angelo Mullaliu,Albania,Male,M30-34,00:0:0,,,,00:0:0,,,,00:0:0,,,,00:0:0,,,,00:0:0,,,,00:0:0,,,,DNS,00:0:0,,,,0,0,0,0,0,0,0,0
346,samir lazrak,France,Male,M40-44,00:0:0,,,,00:0:0,,,,00:0:0,,,,00:0:0,,,,00:0:0,,,,00:0:0,,,,DNS,00:0:0,,,,0,0,0,0,0,0,0,0
356,Evgeny Ostrovsky,Cyprus,Male,M40-44,00:0:0,,,,00:0:0,,,,00:0:0,,,,00:0:0,,,,00:0:0,,,,00:0:0,,,,DNS,00:0:0,,,,0,0,0,0,0,0,0,0
3,Andy De Roover,Belgium,Male,M45-49,00:0:0,,,,00:0:0,,,,00:0:0,,,,00:0:0,,,,00:0:0,,,,00:0:0,,,,DNS,00:0:0,,,,0,0,0,0,0,0,0,0
549,Rodrigo Morales,Peru,Male,M45-49,00:0:0,,,,00:42:53,,,,04:34:58,,,,00:0:0,,,,00:6:25,,,,00:0:0,,,,DNF,00:0:0,,,,2573,16498,0,385,0,0,0,0
64,Najib El Allouche,Morocco,Male,M40-44,00:0:0,,,,00:0:0,,,,00:0:0,,,,00:0:0,,,,00:0:0,,,,00:0:0,,,,DNS,00:0:0,,,,0,0,0,0,0,0,0,0
208,Arthur Pereira,France,Male,M25-29,00:0:0,,,,00:0:0,,,,00:0:0,,,,00:0:0,,,,00:0:0,,,,00:0:0,,,,DNS,00:0:0,,,,0,0,0,0,0,0,0,0
62,Yassine Boussetta,Morocco,Male,M40-44,00:0:0,,,,00:0:0,,,,00:0:0,,,,00:0:0,,,,00:0:0,,,,00:0:0,,,,DNS,00:0:0,,,,0,0,0,0,0,0,0,0
18,Claudia Schiewe,Germany,Female,F60-64,00:0:0,,,,00:0:0,,,,00:0:0,,,,00:0:0,,,,00:0:0,,,,00:0:0,,,,DNS,00:0:0,,,,0,0,0,0,0,0,0,0
72,Ismail Bouih,Morocco,Male,M35-39,00:0:0,,,,00:0:0,,,,00:0:0,,,,00:0:0,,,,00:0:0,,,,00:0:0,,,,DNS,00:0:0,,,,0,0,0,0,0,0,0,0
377,TALAL ALSHAMARI,Qatar,Male,M45-49,00:0:0,,,,00:0:0,,,,00:0:0,,,,00:0:0,,,,00:0:0,,,,00:0:0,,,,DNS,00:0:0,,,,0,0,0,0,0,0,0,0
315,Ahmed BAHIR,Morocco,Male,M40-44,00:0:0,,,,00:0:0,,,,00:0:0,,,,00:0:0,,,,00:0:0,,,,00:0:0,,,,DNS,00:0:0,,,,0,0,0,0,0,0,0,0
474,MOHAMED FAWDI,France,Male,M55-59,00:0:0,,,,00:0:0,,,,00:0:0,,,,00:0:0,,,,00:0:0,,,,00:0:0,,,,DNS,00:0:0,,,,0,0,0,0,0,0,0,0
171,Rashed Alhajeri,United Arab Emirates,Male,M25-29,00:0:0,,,,00:0:0,,,,00:0:0,,,,00:0:0,,,,00:0:0,,,,00:0:0,,,,DNS,00:0:0,,,,0,0,0,0,0,0,0,0
465,alain BINSINGER,Monaco,Male,M55-59,00:0:0,,,,00:0:0,,,,00:0:0,,,,00:0:0,,,,00:0:0,,,,00:0:0,,,,DNS,00:0:0,,,,0,0,0,0,0,0,0,0
272,Younes Gianni Brignone,Morocco,Male,M35-39,00:0:0,,,,00:0:0,,,,00:0:0,,,,00:0:0,,,,00:0:0,,,,00:0:0,,,,DNS,00:0:0,,,,0,0,0,0,0,0,0,0
65,Otmane Lazrak,Morocco,Male,M40-44,00:0:0,,,,00:31:21,,,,02:30:04,,,,01:10:52,,,,00:4:47,,,,00:4:45,,,,DNF,00:0:0,,,,1881,9004,4252,287,285,0,4252,0
76,Ahmed Achaach,Morocco,Male,M50-54,00:0:0,,,,00:0:0,,,,00:0:0,,,,00:0:0,,,,00:0:0,,,,00:0:0,,,,DNS,00:0:0,,,,0,0,0,0,0,0,0,0
502,Philippe Van amme,France,Male,M65-69,00:0:0,,,,00:0:0,,,,00:0:0,,,,00:0:0,,,,00:0:0,,,,00:0:0,,,,DNS,00:0:0,,,,0,0,0,0,0,0,0,0
358,Phillip Pullen,United Kingdom,Male,M40-44,00:0:0,,,,00:0:0,,,,00:0:0,,,,00:0:0,,,,00:0:0,,,,00:0:0,,,,DNS,00:0:0,,,,0,0,0,0,0,0,0,0
257,Karim Tadili,Canada,Male,M30-34,00:0:0,,,,00:0:0,,,,00:0:0,,,,00:0:0,,,,00:0:0,,,,00:0:0,,,,DNS,00:0:0,,,,0,0,0,0,0,0,0,0
489,Mark Cogan,United Kingdom,Male,M60-64,00:0:0,,,,00:0:0,,,,00:0:0,,,,00:0:0,,,,00:0:0,,,,00:0:0,,,,DNS,00:0:0,,,,0,0,0,0,0,0,0,0
286,Tim Guillemet,France,Male,M35-39,00:0:0,,,,00:0:0,,,,00:0:0,,,,00:0:0,,,,00:0:0,,,,00:0:0,,,,DNS,00:0:0,,,,0,0,0,0,0,0,0,0
348,Dmitry Lisnevsky,,Male,M40-44,00:0:0,,,,00:0:0,,,,00:0:0,,,,00:0:0,,,,00:0:0,,,,00:0:0,,,,DNS,00:0:0,,,,0,0,0,0,0,0,0,0
77,Youssef Aibar,Morocco,Male,M60-64,00:0:0,,,,00:0:0,,,,00:0:0,,,,00:0:0,,,,00:0:0,,,,00:0:0,,,,DNS,00:0:0,,,,0,0,0,0,0,0,0,0
80,Luka Barzdaitė,Lithuania,Female,F18-24,00:0:0,,,,00:0:0,,,,00:0:0,,,,00:0:0,,,,00:0:0,,,,00:0:0,,,,DNS,00:0:0,,,,0,0,0,0,0,0,0,0
490,Laurent Delannoy,France,Male,M60-64,00:0:0,,,,00:0:0,,,,00:0:0,,,,00:0:0,,,,00:0:0,,,,00:0:0,,,,DNS,00:0:0,,,,0,0,0,0,0,0,0,0
374,Fouad Alikkane,Morocco,Male,M45-49,00:0:0,,,,00:52:19,,,,03:27:22,,,,00:0:0,,,,00:11:55,,,,00:0:0,,,,DNF,00:0:0,,,,3139,12442,0,715,0,0,0,0
86,Khrystyna Salkova,Ukraine,Female,F25-29,00:0:0,,,,00:0:0,,,,00:0:0,,,,00:0:0,,,,00:0:0,,,,00:0:0,,,,DNS,00:0:0,,,,0,0,0,0,0,0,0,0
476,Franck Gérard,France,Male,M55-59,00:0:0,,,,00:0:0,,,,00:0:0,,,,00:0:0,,,,00:0:0,,,,00:0:0,,,,DNS,00:0:0,,,,0,0,0,0,0,0,0,0
256,Reda Slimani,France,Male,M30-34,00:0:0,,,,00:0:0,,,,00:0:0,,,,00:0:0,,,,00:0:0,,,,00:0:0,,,,DNS,00:0:0,,,,0,0,0,0,0,0,0,0
69,Javier Fernandez-Cabaleiro,Morocco,Male,M50-54,00:0:0,,,,00:0:0,,,,00:0:0,,,,00:0:0,,,,00:0:0,,,,00:0:0,,,,DNS,00:0:0,,,,0,0,0,0,0,0,0,0
60,Mohammed Idrissi Serghini,Morocco,Male,M35-39,00:0:0,,,,00:0:0,,,,00:0:0,,,,00:0:0,,,,00:0:0,,,,00:0:0,,,,DNS,00:0:0,,,,0,0,0,0,0,0,0,0
301,Loris Nazon,France,Male,M35-39,00:0:0,,,,00:32:59,,,,00:0:0,,,,00:0:0,,,,00:3:47,,,,00:0:0,,,,DNF,00:0:0,,,,1979,0,0,227,0,0,0,0
263,Mohamed Alromaithi,United Arab Emirates,Male,M35-39,00:0:0,,,,00:0:0,,,,00:0:0,,,,00:0:0,,,,00:0:0,,,,00:0:0,,,,DNS,00:0:0,,,,0,0,0,0,0,0,0,0
389,Arnaitz Burgoa,Spain,Male,M45-49,00:0:0,,,,00:28:30,,,,00:0:0,,,,00:0:0,,,,00:3:14,,,,00:0:0,,,,DNF,00:0:0,,,,1710,0,0,194,0,0,0,0
387,Hatim Boukhris,Morocco,Male,M45-49,00:0:0,,,,00:0:0,,,,00:0:0,,,,00:0:0,,,,00:0:0,,,,00:0:0,,,,DNS,00:0:0,,,,0,0,0,0,0,0,0,0
569,Amine Saydy,Morocco,Male,M40-44,00:0:0,,,,00:20:42,,,,02:52:19,,,,00:55:15,,,,00:8:40,,,,00:5:09,,,,DNF,00:0:0,,,,1242,10339,3315,520,309,0,3315,0
167,Arnas Stasiulis,Lithuania,Male,M18-24,00:0:0,,,,00:0:0,,,,00:0:0,,,,00:0:0,,,,00:0:0,,,,00:0:0,,,,DNS,00:0:0,,,,0,0,0,0,0,0,0,0
92,Imane Atif,Morocco,Female,F35-39,00:0:0,,,,00:47:05,,,,00:0:0,,,,00:0:0,,,,00:14:55,,,,00:0:0,,,,DNF,00:0:0,,,,2825,0,0,895,0,0,0,0
265,Karim Bahbah,Morocco,Male,M35-39,00:0:0,,,,00:0:0,,,,00:0:0,,,,00:0:0,,,,00:0:0,,,,00:0:0,,,,DNS,00:0:0,,,,0,0,0,0,0,0,0,0
494,Olivier Robin,France,Male,M60-64,00:0:0,,,,00:0:0,,,,00:0:0,,,,00:0:0,,,,00:0:0,,,,00:0:0,,,,DNS,00:0:0,,,,0,0,0,0,0,0,0,0
20,Abdulla Shaheen Alkaabi,Qatar,Male,M35-39,00:0:0,,,,00:0:0,,,,00:0:0,,,,00:0:0,,,,00:0:0,,,,00:0:0,,,,DNS,00:0:0,,,,0,0,0,0,0,0,0,0
214,Thomas Maximilian Ablinger-Palla,Germany,Male,M30-34,00:0:0,,,,00:0:0,,,,00:0:0,,,,00:0:0,,,,00:0:0,,,,00:0:0,,,,DNS,00:0:0,,,,0,0,0,0,0,0,0,0
231,Marc Fioriti,Germany,Male,M30-34,00:0:0,,,,00:0:0,,,,00:0:0,,,,00:0:0,,,,00:0:0,,,,00:0:0,,,,DNS,00:0:0,,,,0,0,0,0,0,0,0,0
556,Andrea Meloni,Italy,Male,M50-54,00:0:0,,,,00:0:0,,,,00:0:0,,,,00:0:0,,,,00:0:0,,,,00:0:0,,,,DNS,00:0:0,,,,0,0,0,0,0,0,0,0
